artist_name,artist_url,event_venue.longitude,event_id,event_venue.id,event_venue.city,event_venue.region,event_venue.latitude,event_datetime,event_url,event_venue.url,event_venue.name
Fu Manchu,http://www.bandsintown.com/FuManchu,7.1801778,3262626,323397,Düdingen,Canton Of Fribourg,46.8615737,2010-02-01T19:00:00,http://www.bandsintown.com/event/3262626?app_id=epfl,http://www.bandsintown.com/venue/323397,Bad Bonn
Lyle Lovett,http://www.bandsintown.com/LyleLovett,8.527116,3265632,170005,Zurich,Switzerland,47.375485,2010-02-01T19:00:00,http://www.bandsintown.com/event/3265632?app_id=epfl,http://www.bandsintown.com/venue/170005,Volkshaus
John Hiatt,http://www.bandsintown.com/JohnHiatt,8.527116,3265632,170005,Zurich,Switzerland,47.375485,2010-02-01T19:00:00,http://www.bandsintown.com/event/3265632?app_id=epfl,http://www.bandsintown.com/venue/170005,Volkshaus
Depedro,http://www.bandsintown.com/Depedro,8.55,3266185,203096,Zurich,25,47.3666667,2010-02-01T19:00:00,http://www.bandsintown.com/event/3266185?app_id=epfl,http://www.bandsintown.com/venue/203096,El Lokal
ant-zen,http://www.bandsintown.com/ant-zen,6.14728,3254094,781461,Geneva,Switzerland,46.20882,2010-02-02T20:00:00,http://www.bandsintown.com/event/3254094?app_id=epfl,http://www.bandsintown.com/venue/781461,GARE DE GENEVE
Apparat,http://www.bandsintown.com/Apparat,6.1666667,3404371,836146,Geneva,07,46.2,2010-02-02T23:00:00,http://www.bandsintown.com/event/3404371?app_id=epfl,http://www.bandsintown.com/venue/836146,Elektron Festival
Nicki Parrott,http://www.bandsintown.com/NickiParrott,7.43941,3290443,306299,Berne,BE,46.96103,2010-02-02T20:00:00,http://www.bandsintown.com/event/3290443?app_id=epfl,http://www.bandsintown.com/venue/306299,Marians JazzRoom
Naturally 7,http://www.bandsintown.com/Naturally7,8.536468,3214907,44952,Zurich,Switzerland,47.371722,2010-02-02T19:00:00,http://www.bandsintown.com/event/3214907?app_id=epfl,http://www.bandsintown.com/venue/44952,Kaufleuten
Dirty Passion,http://www.bandsintown.com/DirtyPassion,8.751285,3251517,106464,Uster,Switzerland,47.34108,2010-02-02T20:00:00,http://www.bandsintown.com/event/3251517?app_id=epfl,http://www.bandsintown.com/venue/106464,Rock City
Enuff Z'Nuff,http://www.bandsintown.com/EnuffZ%27nuff,8.751285,3251517,106464,Uster,Switzerland,47.34108,2010-02-02T20:00:00,http://www.bandsintown.com/event/3251517?app_id=epfl,http://www.bandsintown.com/venue/106464,Rock City
Faster Pussycat,http://www.bandsintown.com/FasterPussycat,8.751285,3251517,106464,Uster,Switzerland,47.34108,2010-02-02T20:00:00,http://www.bandsintown.com/event/3251517?app_id=epfl,http://www.bandsintown.com/venue/106464,Rock City
The Dillinger Escape Plan,http://www.bandsintown.com/TheDillingerEscapePlan,8.54673,3178415,293622,Zurich,ZH,47.3663788,2010-02-02T20:00:00,http://www.bandsintown.com/event/3178415?app_id=epfl,http://www.bandsintown.com/venue/293622,Mascotte
Nicki Parrott,http://www.bandsintown.com/NickiParrott,7.43941,3290444,306299,Berne,BE,46.96103,2010-02-03T20:00:00,http://www.bandsintown.com/event/3290444?app_id=epfl,http://www.bandsintown.com/venue/306299,Marians JazzRoom
AIR,http://www.bandsintown.com/AIR,8.527116,3150344,170005,Zurich,Switzerland,47.375485,2010-02-03T19:00:00,http://www.bandsintown.com/event/3150344?app_id=epfl,http://www.bandsintown.com/venue/170005,Volkshaus
Rebekka Bakken,http://www.bandsintown.com/RebekkaBakken,8.536468,3337774,44952,Zurich,Switzerland,47.371722,2010-02-03T19:00:00,http://www.bandsintown.com/event/3337774?app_id=epfl,http://www.bandsintown.com/venue/44952,Kaufleuten
Racoon,http://www.bandsintown.com/Racoon,8.7222841,3328238,147243,Winterthur,25,47.4975354,2010-02-03T20:00:00,http://www.bandsintown.com/event/3328238?app_id=epfl,http://www.bandsintown.com/venue/147243,Salzhaus
Enter Bassman75 Biggest Fan,http://www.bandsintown.com/EnterBassman75BiggestFan,7.58768,3358323,828734,Basel-City,Switzerland,47.54874,2010-02-03T21:00:00,http://www.bandsintown.com/event/3358323?app_id=epfl,http://www.bandsintown.com/venue/828734,RadioX Basel
The Locos,http://www.bandsintown.com/TheLocos,6.851925,3216892,306332,Vevey,Etr,46.472145,2010-02-04T19:00:00,http://www.bandsintown.com/event/3216892?app_id=epfl,http://www.bandsintown.com/venue/306332,ROCKING CHAIR
Nicki Parrott,http://www.bandsintown.com/NickiParrott,7.43941,3290445,306299,Berne,BE,46.96103,2010-02-04T20:00:00,http://www.bandsintown.com/event/3290445?app_id=epfl,http://www.bandsintown.com/venue/306299,Marians JazzRoom
The Dubliners,http://www.bandsintown.com/TheDubliners,7.400333,3213183,819938,Berne,Switzerland,46.942062,2010-02-04T20:00:00,http://www.bandsintown.com/event/3213183?app_id=epfl,http://www.bandsintown.com/venue/819938,Kursaal Bern AG
Racoon,http://www.bandsintown.com/Racoon,7.440461,3328239,80385,Berne,,46.948432,2010-02-04T20:00:00,http://www.bandsintown.com/event/3328239?app_id=epfl,http://www.bandsintown.com/venue/80385,ISC
Joshua Redman,http://www.bandsintown.com/JoshuaRedman,8.55,3266102,10674,Zurich,25,47.3666667,2010-02-04T19:00:00,http://www.bandsintown.com/event/3266102?app_id=epfl,http://www.bandsintown.com/venue/10674,Moods
Good Shoes,http://www.bandsintown.com/GoodShoes,8.522239,3207851,48122,Zurich,Switzerland,47.362215,2010-02-04T20:00:00,http://www.bandsintown.com/event/3207851?app_id=epfl,http://www.bandsintown.com/venue/48122,Abart
The Swell Season,http://www.bandsintown.com/TheSwellSeason,8.536468,3182578,44952,Zurich,Switzerland,47.371722,2010-02-04T20:00:00,http://www.bandsintown.com/event/3182578?app_id=epfl,http://www.bandsintown.com/venue/44952,Kaufleuten
Josh Ritter,http://www.bandsintown.com/JoshRitter,8.536468,3182578,44952,Zurich,Switzerland,47.371722,2010-02-04T20:00:00,http://www.bandsintown.com/event/3182578?app_id=epfl,http://www.bandsintown.com/venue/44952,Kaufleuten
Alice Russell,http://www.bandsintown.com/AliceRussell,6.851925,3265615,306332,Vevey,Etr,46.472145,2010-02-05T19:00:00,http://www.bandsintown.com/event/3265615?app_id=epfl,http://www.bandsintown.com/venue/306332,ROCKING CHAIR
Piers Faccini,http://www.bandsintown.com/PiersFaccini,7.0666667,3301212,781478,Bulle,06,46.6166667,2010-02-05T19:00:00,http://www.bandsintown.com/event/3301212?app_id=epfl,http://www.bandsintown.com/venue/781478,Ebullition
The Sad Riders,http://www.bandsintown.com/TheSadRiders,7.0666667,3301212,781478,Bulle,06,46.6166667,2010-02-05T19:00:00,http://www.bandsintown.com/event/3301212?app_id=epfl,http://www.bandsintown.com/venue/781478,Ebullition
Féfé,http://www.bandsintown.com/F%C3%A9f%C3%A9,6.244082,3277159,313886,Nyon,Etr,46.38376,2010-02-05T19:00:00,http://www.bandsintown.com/event/3277159?app_id=epfl,http://www.bandsintown.com/venue/313886,USINE A GAZ
Trip In,http://www.bandsintown.com/TripIn,6.244082,3277159,313886,Nyon,Etr,46.38376,2010-02-05T19:00:00,http://www.bandsintown.com/event/3277159?app_id=epfl,http://www.bandsintown.com/venue/313886,USINE A GAZ
Mastodon,http://www.bandsintown.com/Mastodon,7.151038,3292358,275156,Fribourg,Etr,46.79489,2010-02-05T19:00:00,http://www.bandsintown.com/event/3292358?app_id=epfl,http://www.bandsintown.com/venue/275156,Fri-Son
Jacques Dutronc,http://www.bandsintown.com/JacquesDutronc,6.112283,3325643,798119,Geneve,Etr,46.233597,2010-02-05T20:00:00,http://www.bandsintown.com/event/3325643?app_id=epfl,http://www.bandsintown.com/venue/798119,ARENA DE GENEVE
Sidilarsen,http://www.bandsintown.com/Sidilarsen,7.6238799,3248460,388978,Thun,BE,46.7598381,2010-02-05T20:00:00,http://www.bandsintown.com/event/3248460?app_id=epfl,http://www.bandsintown.com/venue/388978,Café Bar Mokka
Nicki Parrott,http://www.bandsintown.com/NickiParrott,7.43941,3290446,306299,Berne,BE,46.96103,2010-02-05T20:00:00,http://www.bandsintown.com/event/3290446?app_id=epfl,http://www.bandsintown.com/venue/306299,Marians JazzRoom
Frantic,http://www.bandsintown.com/Frantic,7.455955,3188146,275155,Berne,Switzerland,46.948516,2010-02-05T20:00:00,http://www.bandsintown.com/event/3188146?app_id=epfl,http://www.bandsintown.com/venue/275155,Sous Soul
Estampie,http://www.bandsintown.com/Estampie,7.446175,3263907,809032,Berne,Switzerland,46.949208,2010-02-05T20:30:00,http://www.bandsintown.com/event/3263907?app_id=epfl,http://www.bandsintown.com/venue/809032,Französische Kirche / Eglise française réformée
Marc Hype,http://www.bandsintown.com/MarcHype,7.4426398,3254002,802218,Berne,BE,46.9495087,2010-02-05T23:00:00,http://www.bandsintown.com/event/3254002?app_id=epfl,http://www.bandsintown.com/venue/802218,Club Bonsoir
CS/SC CHRIS SLADE STEEL CIRCLE,http://www.bandsintown.com/Cs%252FscChrisSladeSteelCircle,7.694064,3275151,781432,Pratteln,Etr,47.52729,2010-02-05T19:00:00,http://www.bandsintown.com/event/3275151?app_id=epfl,http://www.bandsintown.com/venue/781432,Z7 Konzertfabrik
DJ Vadim,http://www.bandsintown.com/DjVadim,8.53397,3271803,390920,Zurich,25,47.374458,2010-02-05T20:00:00,http://www.bandsintown.com/event/3271803?app_id=epfl,http://www.bandsintown.com/venue/390920,Stall 6
The Dubliners,http://www.bandsintown.com/TheDubliners,8.4854202,3213184,773100,Zurich,ZH,47.3873901,2010-02-05T20:00:00,http://www.bandsintown.com/event/3213184?app_id=epfl,http://www.bandsintown.com/venue/773100,Neues Theater Spirgarten
Montserrat Caball&eacute;,http://www.bandsintown.com/MontserratCaballandeacute%3B,8.5379692,3102392,747154,Zurich,Canton Of Zurich,47.3660908,2010-02-05T20:00:00,http://www.bandsintown.com/event/3102392?app_id=epfl,http://www.bandsintown.com/venue/747154,Tonhalle zürich
Racoon,http://www.bandsintown.com/Racoon,9.5277262,3328240,820903,Chur,GR,46.8477287,2010-02-05T20:00:00,http://www.bandsintown.com/event/3328240?app_id=epfl,http://www.bandsintown.com/venue/820903,Selig
DJ Brain,http://www.bandsintown.com/DjBrain,9.4,3344825,825917,Sankt Gallen,15,47.4666667,2010-02-05T22:00:00,http://www.bandsintown.com/event/3344825?app_id=epfl,http://www.bandsintown.com/venue/825917,Glow Club
Fulgeance,http://www.bandsintown.com/Fulgeance,6.632625,3310878,794948,Lausanne,Etr,46.519894,2010-02-06T19:00:00,http://www.bandsintown.com/event/3310878?app_id=epfl,http://www.bandsintown.com/venue/794948,Le Romandie
DÉbruit,http://www.bandsintown.com/D%C3%89bruit,6.632625,3310878,794948,Lausanne,Etr,46.519894,2010-02-06T19:00:00,http://www.bandsintown.com/event/3310878?app_id=epfl,http://www.bandsintown.com/venue/794948,Le Romandie
NGOC,http://www.bandsintown.com/NGOC,6.632625,3310878,794948,Lausanne,Etr,46.519894,2010-02-06T19:00:00,http://www.bandsintown.com/event/3310878?app_id=epfl,http://www.bandsintown.com/venue/794948,Le Romandie
Wang Li,http://www.bandsintown.com/WangLi,7.0833333,6266507,1707797,Martigny,22,46.1,2010-02-06T19:00:00,http://www.bandsintown.com/event/6266507?app_id=epfl,http://www.bandsintown.com/venue/1707797,Festival Martigny
TRIBUTE NIGHT TO DEPECHE MODE,http://www.bandsintown.com/TributeNightToDepecheMode,6.851925,3159732,306332,Vevey,Etr,46.472145,2010-02-06T19:00:00,http://www.bandsintown.com/event/3159732?app_id=epfl,http://www.bandsintown.com/venue/306332,ROCKING CHAIR
Piers Faccini,http://www.bandsintown.com/PiersFaccini,6.244082,3260639,313886,Nyon,Etr,46.38376,2010-02-06T19:00:00,http://www.bandsintown.com/event/3260639?app_id=epfl,http://www.bandsintown.com/venue/313886,USINE A GAZ
The K,http://www.bandsintown.com/TheK,6.58955,3364638,830347,Renens,Switzerland,46.53487,2010-02-06T20:00:00,http://www.bandsintown.com/event/3364638?app_id=epfl,http://www.bandsintown.com/venue/830347,La Dépendance
BB Brunes,http://www.bandsintown.com/BbBrunes,6.61819,3107916,289098,Lausanne,Switzerland,46.522385,2010-02-06T20:30:00,http://www.bandsintown.com/event/3107916?app_id=epfl,http://www.bandsintown.com/venue/289098,Le Docks
Princess Superstar,http://www.bandsintown.com/PrincessSuperstar,6.63232,3339341,330439,Lausanne,Switzerland,46.518799,2010-02-06T22:00:00,http://www.bandsintown.com/event/3339341?app_id=epfl,http://www.bandsintown.com/venue/330439,D!club
Sole,http://www.bandsintown.com/Sole,7.440015,3290648,338840,Berne,Switzerland,46.953159,2010-02-06T20:00:00,http://www.bandsintown.com/event/3290648?app_id=epfl,http://www.bandsintown.com/venue/338840,Dachstock
Nicki Parrott,http://www.bandsintown.com/NickiParrott,7.43941,3290447,306299,Berne,BE,46.96103,2010-02-06T20:00:00,http://www.bandsintown.com/event/3290447?app_id=epfl,http://www.bandsintown.com/venue/306299,Marians JazzRoom
DJ Vadim,http://www.bandsintown.com/DjVadim,6.8457,3271804,786657,La Chaux-De-Fonds,12,47.113022,2010-02-06T20:00:00,http://www.bandsintown.com/event/3271804?app_id=epfl,http://www.bandsintown.com/venue/786657,Bikini Test
Treasure Fingers,http://www.bandsintown.com/TreasureFingers,7.4426398,3239740,802218,Berne,BE,46.9495087,2010-02-06T23:00:00,http://www.bandsintown.com/event/3239740?app_id=epfl,http://www.bandsintown.com/venue/802218,Club Bonsoir
Itchy Poopzkid,http://www.bandsintown.com/ItchyPoopzkid,8.527116,3296788,170005,Zurich,Switzerland,47.375485,2010-02-06T19:00:00,http://www.bandsintown.com/event/3296788?app_id=epfl,http://www.bandsintown.com/venue/170005,Volkshaus
Assemblage 23,http://www.bandsintown.com/Assemblage23,8.538435,3263501,808961,Zurich,Switzerland,47.384097,2010-02-06T20:00:00,http://www.bandsintown.com/event/3263501?app_id=epfl,http://www.bandsintown.com/venue/808961,"Dynamo, Grosser Saal"
Grendel,http://www.bandsintown.com/Grendel,8.538435,3263501,808961,Zurich,Switzerland,47.384097,2010-02-06T20:00:00,http://www.bandsintown.com/event/3263501?app_id=epfl,http://www.bandsintown.com/venue/808961,"Dynamo, Grosser Saal"
Free,http://www.bandsintown.com/Free,8.521115,3359922,331966,Zurich,Switzerland,47.386999,2010-02-06T20:00:00,http://www.bandsintown.com/event/3359922?app_id=epfl,http://www.bandsintown.com/venue/331966,Zürich
The Baseballs,http://www.bandsintown.com/TheBaseballs,7.6,3209410,747119,Basel,04,47.5666667,2010-02-06T21:00:00,http://www.bandsintown.com/event/3209410?app_id=epfl,http://www.bandsintown.com/venue/747119,Konzertfabrik Z7
Manuel Carranco,http://www.bandsintown.com/ManuelCarranco,8.53955,3190666,792195,Zurich,Switzerland,47.37706,2010-02-06T23:00:00,http://www.bandsintown.com/event/3190666?app_id=epfl,http://www.bandsintown.com/venue/792195,Lotus Club
Marc Hype,http://www.bandsintown.com/MarcHype,7.58768,3346624,826724,Basel-City,Switzerland,47.54874,2010-02-06T23:00:00,http://www.bandsintown.com/event/3346624?app_id=epfl,http://www.bandsintown.com/venue/826724,Erlkönig
The Dubliners,http://www.bandsintown.com/TheDubliners,9.380016,3216935,773211,Sankt Gallen,Switzerland,47.427515,2010-02-06T20:00:00,http://www.bandsintown.com/event/3216935?app_id=epfl,http://www.bandsintown.com/venue/773211,Tonhalle St. Gallen
Jeff Albert,http://www.bandsintown.com/JeffAlbert,9.0333333,3322937,820033,Chiasso,20,45.8333333,2010-02-06T20:30:00,http://www.bandsintown.com/event/3322937?app_id=epfl,http://www.bandsintown.com/venue/820033,Spazio Officina
JUSTE DEBOUT SUISSE 2010,http://www.bandsintown.com/JusteDeboutSuisse2010,6.117974,3310871,817998,Petit-Lancy,Switzerland,46.190227,2010-02-07T19:00:00,http://www.bandsintown.com/event/3310871?app_id=epfl,http://www.bandsintown.com/venue/817998,SALLE OMNISPORT DU PETIT LANCY
Depedro,http://www.bandsintown.com/Depedro,7.5333333,3266187,293619,Rubigen,05,46.9,2010-02-07T19:00:00,http://www.bandsintown.com/event/3266187?app_id=epfl,http://www.bandsintown.com/venue/293619,Muhle Hunziken
The Dubliners,http://www.bandsintown.com/TheDubliners,7.5886898,3213185,169943,Basel,BS,47.5545998,2010-02-07T19:00:00,http://www.bandsintown.com/event/3213185?app_id=epfl,http://www.bandsintown.com/venue/169943,Stadtcasino Basel
David Gray,http://www.bandsintown.com/DavidGray,8.55,3222264,275159,Zurich,25,47.3666667,2010-02-07T19:30:00,http://www.bandsintown.com/event/3222264?app_id=epfl,http://www.bandsintown.com/venue/275159,X-tra
The Baseballs,http://www.bandsintown.com/TheBaseballs,8.5168115,3262301,772987,Zürich,25,47.3868602,2010-02-07T20:00:00,http://www.bandsintown.com/event/3262301?app_id=epfl,http://www.bandsintown.com/venue/772987,Maag Music / Event Hall
Fu Manchu,http://www.bandsintown.com/FuManchu,6.61819,3262658,289098,Lausanne,Switzerland,46.522385,2010-02-08T19:00:00,http://www.bandsintown.com/event/3262658?app_id=epfl,http://www.bandsintown.com/venue/289098,Le Docks
Stereophonics,http://www.bandsintown.com/Stereophonics,8.55,3362721,275159,Zurich,25,47.3666667,2010-02-08T20:00:00,http://www.bandsintown.com/event/3362721?app_id=epfl,http://www.bandsintown.com/venue/275159,X-tra
All Shall Perish,http://www.bandsintown.com/AllShallPerish,8.527116,3023309,170005,Zurich,Switzerland,47.375485,2010-02-08T20:00:00,http://www.bandsintown.com/event/3023309?app_id=epfl,http://www.bandsintown.com/venue/170005,Volkshaus
Machine Head,http://www.bandsintown.com/MachineHead,8.527116,3023309,170005,Zurich,Switzerland,47.375485,2010-02-08T20:00:00,http://www.bandsintown.com/event/3023309?app_id=epfl,http://www.bandsintown.com/venue/170005,Volkshaus
Bleeding Through,http://www.bandsintown.com/BleedingThrough,8.527116,3023309,170005,Zurich,Switzerland,47.375485,2010-02-08T20:00:00,http://www.bandsintown.com/event/3023309?app_id=epfl,http://www.bandsintown.com/venue/170005,Volkshaus
Jamey Jasta,http://www.bandsintown.com/JameyJasta,8.527116,3023309,170005,Zurich,Switzerland,47.375485,2010-02-08T20:00:00,http://www.bandsintown.com/event/3023309?app_id=epfl,http://www.bandsintown.com/venue/170005,Volkshaus
Hatebreed,http://www.bandsintown.com/Hatebreed,8.527116,3023309,170005,Zurich,Switzerland,47.375485,2010-02-08T20:00:00,http://www.bandsintown.com/event/3023309?app_id=epfl,http://www.bandsintown.com/venue/170005,Volkshaus
The Baseballs,http://www.bandsintown.com/TheBaseballs,9.277939,3108830,773033,Herisau,Switzerland,47.384624,2010-02-08T20:00:00,http://www.bandsintown.com/event/3108830?app_id=epfl,http://www.bandsintown.com/venue/773033,Casino Herisau
Nicki Parrott,http://www.bandsintown.com/NickiParrott,8.9666667,3290448,813976,Lugano,20,46.0,2010-02-08T20:00:00,http://www.bandsintown.com/event/3290448?app_id=epfl,http://www.bandsintown.com/venue/813976,Swing Cat Club
The Baseballs,http://www.bandsintown.com/TheBaseballs,6.61819,3160368,289098,Lausanne,Switzerland,46.522385,2010-02-09T19:00:00,http://www.bandsintown.com/event/3160368?app_id=epfl,http://www.bandsintown.com/venue/289098,Le Docks
Jochen Distelmeyer,http://www.bandsintown.com/JochenDistelmeyer,7.1801778,3201370,323397,Düdingen,Canton Of Fribourg,46.8615737,2010-02-09T19:00:00,http://www.bandsintown.com/event/3201370?app_id=epfl,http://www.bandsintown.com/venue/323397,Bad Bonn
Fu Manchu,http://www.bandsintown.com/FuManchu,8.54673,3314954,293622,Zurich,ZH,47.3663788,2010-02-09T20:00:00,http://www.bandsintown.com/event/3314954?app_id=epfl,http://www.bandsintown.com/venue/293622,Mascotte
Stereophonics,http://www.bandsintown.com/Stereophonics,8.55,3240095,275159,Zurich,25,47.3666667,2010-02-09T20:00:00,http://www.bandsintown.com/event/3240095?app_id=epfl,http://www.bandsintown.com/venue/275159,X-tra
Stereophonics,http://www.bandsintown.com/Stereophonics,6.20505,3240097,767598,Thônex,GE,46.19398,2010-02-10T20:00:00,http://www.bandsintown.com/event/3240097?app_id=epfl,http://www.bandsintown.com/venue/767598,Salle des fêtes
Dúné,http://www.bandsintown.com/D%C3%BAn%C3%A9,8.522239,3307640,48122,Zurich,Switzerland,47.362215,2010-02-10T20:00:00,http://www.bandsintown.com/event/3307640?app_id=epfl,http://www.bandsintown.com/venue/48122,Abart
theGathering,http://www.bandsintown.com/theGathering,7.6,3197689,747119,Basel,04,47.5666667,2010-02-10T20:00:00,http://www.bandsintown.com/event/3197689?app_id=epfl,http://www.bandsintown.com/venue/747119,Konzertfabrik Z7
Yakari,http://www.bandsintown.com/Yakari,6.632625,3310877,794948,Lausanne,Etr,46.519894,2010-02-11T19:00:00,http://www.bandsintown.com/event/3310877?app_id=epfl,http://www.bandsintown.com/venue/794948,Le Romandie
Cymbals Eat Guitars,http://www.bandsintown.com/CymbalsEatGuitars,6.632625,3310877,794948,Lausanne,Etr,46.519894,2010-02-11T19:00:00,http://www.bandsintown.com/event/3310877?app_id=epfl,http://www.bandsintown.com/venue/794948,Le Romandie
Clawerfield,http://www.bandsintown.com/Clawerfield,7.623338,7293536,962589,Thun,05,46.75258,2010-02-11T19:00:00,http://www.bandsintown.com/event/7293536?app_id=epfl,http://www.bandsintown.com/venue/962589,Mokka
Sonic Boom Six,http://www.bandsintown.com/SonicBoomSix,8.522239,3105911,48122,Zurich,Switzerland,47.362215,2010-02-11T20:00:00,http://www.bandsintown.com/event/3105911?app_id=epfl,http://www.bandsintown.com/venue/48122,Abart
Reel Big Fish,http://www.bandsintown.com/ReelBigFish,8.522239,3105911,48122,Zurich,Switzerland,47.362215,2010-02-11T20:00:00,http://www.bandsintown.com/event/3105911?app_id=epfl,http://www.bandsintown.com/venue/48122,Abart
Backyard Babies,http://www.bandsintown.com/BackyardBabies,8.5168505,3092666,619427,Zurich,ZH,47.3857193,2010-02-11T20:00:00,http://www.bandsintown.com/event/3092666?app_id=epfl,http://www.bandsintown.com/venue/619427,Harterei
Tracy Gang Pussy,http://www.bandsintown.com/TracyGangPussy,8.5168505,3092666,619427,Zurich,ZH,47.3857193,2010-02-11T20:00:00,http://www.bandsintown.com/event/3092666?app_id=epfl,http://www.bandsintown.com/venue/619427,Harterei
Hypocrisy,http://www.bandsintown.com/Hypocrisy,8.539312,3125183,594255,Zurich,Etr,47.383297,2010-02-11T20:00:00,http://www.bandsintown.com/event/3125183?app_id=epfl,http://www.bandsintown.com/venue/594255,Dynamo
Bigelf,http://www.bandsintown.com/Bigelf,7.6,3258816,747119,Basel,04,47.5666667,2010-02-11T20:00:00,http://www.bandsintown.com/event/3258816?app_id=epfl,http://www.bandsintown.com/venue/747119,Konzertfabrik Z7
TRISTE SIRE,http://www.bandsintown.com/TristeSire,6.851925,3246099,306332,Vevey,Etr,46.472145,2010-02-12T19:00:00,http://www.bandsintown.com/event/3246099?app_id=epfl,http://www.bandsintown.com/venue/306332,ROCKING CHAIR
Kruger,http://www.bandsintown.com/Kruger,6.632625,3310880,794948,Lausanne,Etr,46.519894,2010-02-12T19:00:00,http://www.bandsintown.com/event/3310880?app_id=epfl,http://www.bandsintown.com/venue/794948,Le Romandie
Ventura,http://www.bandsintown.com/Ventura,6.632625,3310880,794948,Lausanne,Etr,46.519894,2010-02-12T19:00:00,http://www.bandsintown.com/event/3310880?app_id=epfl,http://www.bandsintown.com/venue/794948,Le Romandie
The Subs,http://www.bandsintown.com/TheSubs,6.63175,3371418,781376,Lausanne,Etr,46.52087,2010-02-12T19:00:00,http://www.bandsintown.com/event/3371418?app_id=epfl,http://www.bandsintown.com/venue/781376,D! CLUB
Beat Torrent,http://www.bandsintown.com/BeatTorrent,6.244082,3297209,313886,Nyon,Etr,46.38376,2010-02-12T19:00:00,http://www.bandsintown.com/event/3297209?app_id=epfl,http://www.bandsintown.com/venue/313886,USINE A GAZ
Soldout,http://www.bandsintown.com/Soldout,6.244082,3297209,313886,Nyon,Etr,46.38376,2010-02-12T19:00:00,http://www.bandsintown.com/event/3297209?app_id=epfl,http://www.bandsintown.com/venue/313886,USINE A GAZ
Cyberpunkers,http://www.bandsintown.com/Cyberpunkers,6.23908,3345059,826030,Nyon,Switzerland,46.382365,2010-02-12T23:00:00,http://www.bandsintown.com/event/3345059?app_id=epfl,http://www.bandsintown.com/venue/826030,Festival Les Hivernales
Missill,http://www.bandsintown.com/Missill,6.8327,3255800,807586,La Chaux-De-Fonds,Switzerland,47.103255,2010-02-12T20:00:00,http://www.bandsintown.com/event/3255800?app_id=epfl,http://www.bandsintown.com/venue/807586,LUSINE ELECTRIQUE
Cherry Poppin' Daddies,http://www.bandsintown.com/CherryPoppin%27Daddies,8.6362258,3215916,351805,Schaffhausen,16,47.6944774,2010-02-12T19:00:00,http://www.bandsintown.com/event/3215916?app_id=epfl,http://www.bandsintown.com/venue/351805,Kammgarn
"Michael Flatley's ""Lord Of The Dance""",http://www.bandsintown.com/MichaelFlatley%27s%22lordOfTheDance%22,8.109002,3113307,367618,Sursee,01,47.174279,2010-02-12T19:00:00,http://www.bandsintown.com/event/3113307?app_id=epfl,http://www.bandsintown.com/venue/367618,Stadthalle
Insane Betty,http://www.bandsintown.com/InsaneBetty,8.2,3352066,827304,Brugg,01,47.4833333,2010-02-12T20:00:00,http://www.bandsintown.com/event/3352066?app_id=epfl,http://www.bandsintown.com/venue/827304,Dampfschiff Brugg
Ska Einsatz Kommando,http://www.bandsintown.com/SkaEinsatzKommando,8.2,3352066,827304,Brugg,01,47.4833333,2010-02-12T20:00:00,http://www.bandsintown.com/event/3352066?app_id=epfl,http://www.bandsintown.com/venue/827304,Dampfschiff Brugg
Andreas Henneberg,http://www.bandsintown.com/AndreasHenneberg,8.51966,3329059,340052,Zurich,ZH,47.38562,2010-02-12T20:00:00,http://www.bandsintown.com/event/3329059?app_id=epfl,http://www.bandsintown.com/venue/340052,Supermarket
Polo Hofer,http://www.bandsintown.com/PoloHofer,7.6,3225448,747119,Basel,04,47.5666667,2010-02-12T20:00:00,http://www.bandsintown.com/event/3225448?app_id=epfl,http://www.bandsintown.com/venue/747119,Konzertfabrik Z7
The Berndt,http://www.bandsintown.com/TheBerndt,7.52535,3196012,793557,Biel-Benken,Switzerland,47.505211,2010-02-12T20:00:00,http://www.bandsintown.com/event/3196012?app_id=epfl,http://www.bandsintown.com/venue/793557,Etage Club
Faun,http://www.bandsintown.com/Faun,8.190355,3188619,791150,Ammerswil,Switzerland,47.396675,2010-02-12T20:00:00,http://www.bandsintown.com/event/3188619?app_id=epfl,http://www.bandsintown.com/venue/791150,Lenzburg
Kode9,http://www.bandsintown.com/Kode9,8.519326,3254957,807140,Zurich,Switzerland,47.385649,2010-02-12T20:00:00,http://www.bandsintown.com/event/3254957?app_id=epfl,http://www.bandsintown.com/venue/807140,Cabaret Club
Dread J,http://www.bandsintown.com/DreadJ,8.30238,3357645,828410,Lucerne,Switzerland,47.062885,2010-02-12T22:00:00,http://www.bandsintown.com/event/3357645?app_id=epfl,http://www.bandsintown.com/venue/828410,Dörty Friday @ Sedel
Technoboot!,http://www.bandsintown.com/Technoboot%21,7.58768,3350974,169942,Basel-City,Switzerland,47.54874,2010-02-12T23:00:00,http://www.bandsintown.com/event/3350974?app_id=epfl,http://www.bandsintown.com/venue/169942,Das Schiff
Turntablerocker,http://www.bandsintown.com/Turntablerocker,8.5204697,3190882,547907,Zurich,ZH,47.3853683,2010-02-12T23:45:00,http://www.bandsintown.com/event/3190882?app_id=epfl,http://www.bandsintown.com/venue/547907,Hive Club
Die Fantastischen Vier,http://www.bandsintown.com/DieFantastischenVier,8.5204697,3190882,547907,Zurich,ZH,47.3853683,2010-02-12T23:45:00,http://www.bandsintown.com/event/3190882?app_id=epfl,http://www.bandsintown.com/venue/547907,Hive Club
DJ Brain,http://www.bandsintown.com/DjBrain,9.4,3344826,825917,Sankt Gallen,15,47.4666667,2010-02-12T22:00:00,http://www.bandsintown.com/event/3344826?app_id=epfl,http://www.bandsintown.com/venue/825917,Glow Club
RIMK DU 113,http://www.bandsintown.com/RimkDu113,6.20505,3292736,812083,Thonex - Geneve,Etr,46.19398,2010-02-13T19:00:00,http://www.bandsintown.com/event/3292736?app_id=epfl,http://www.bandsintown.com/venue/812083,SALLE DES FETES DE THONEX
Elferya,http://www.bandsintown.com/Elferya,6.6366301,5944036,1342323,Lausanne,VD,46.5201302,2010-02-13T19:00:00,http://www.bandsintown.com/event/5944036?app_id=epfl,http://www.bandsintown.com/venue/1342323,Le Bourg
Marc Lavoine,http://www.bandsintown.com/MarcLavoine,6.112283,3108083,798119,Geneve,Etr,46.233597,2010-02-13T20:00:00,http://www.bandsintown.com/event/3108083?app_id=epfl,http://www.bandsintown.com/venue/798119,ARENA DE GENEVE
Trentemøller,http://www.bandsintown.com/Trentem%C3%B8ller,8.55,3373225,297164,Zurich,25,47.3666667,2010-02-13T12:00:00,http://www.bandsintown.com/event/3373225?app_id=epfl,http://www.bandsintown.com/venue/297164,Hive
"Michael Flatley's ""Lord Of The Dance""",http://www.bandsintown.com/MichaelFlatley%27s%22lordOfTheDance%22,8.537234,3113308,771839,Zurich,Switzerland,47.366033,2010-02-13T19:00:00,http://www.bandsintown.com/event/3113308?app_id=epfl,http://www.bandsintown.com/venue/771839,Kongresshaus Zürich
Marques Houston,http://www.bandsintown.com/MarquesHouston,8.55,3372982,831846,Zurich,25,47.3666667,2010-02-13T19:00:00,http://www.bandsintown.com/event/3372982?app_id=epfl,http://www.bandsintown.com/venue/831846,Sugar Lounge
Dinosaur Jr.,http://www.bandsintown.com/DinosaurJr.,9.26446,3338764,823058,Laax,GR,46.82447,2010-02-13T20:00:00,http://www.bandsintown.com/event/3338764?app_id=epfl,http://www.bandsintown.com/venue/823058,Riders Palace
Jools,http://www.bandsintown.com/Jools,8.310729,3352851,547729,Lucerne,Switzerland,47.041878,2010-02-13T20:00:00,http://www.bandsintown.com/event/3352851?app_id=epfl,http://www.bandsintown.com/venue/547729,Bar 59
Faun,http://www.bandsintown.com/Faun,8.190355,3254558,791150,Ammerswil,Switzerland,47.396675,2010-02-13T20:00:00,http://www.bandsintown.com/event/3254558?app_id=epfl,http://www.bandsintown.com/venue/791150,Lenzburg
Mustard Pimp,http://www.bandsintown.com/MustardPimp,8.484772,3180405,787227,Zurich,Switzerland,47.395538,2010-02-13T20:00:00,http://www.bandsintown.com/event/3180405?app_id=epfl,http://www.bandsintown.com/venue/787227,Wasserwerk Club
Infected Mushroom,http://www.bandsintown.com/InfectedMushroom,8.527116,3285430,686165,Zurich,Switzerland,47.375485,2010-02-13T20:00:00,http://www.bandsintown.com/event/3285430?app_id=epfl,http://www.bandsintown.com/venue/686165,Volkshaus Zürich
Sascha Funke,http://www.bandsintown.com/SaschaFunke,8.51991,3343305,726621,Zurich,25,47.3857,2010-02-13T20:00:00,http://www.bandsintown.com/event/3343305?app_id=epfl,http://www.bandsintown.com/venue/726621,Cabaret
Shadow Dancer,http://www.bandsintown.com/ShadowDancer,8.319649,5279446,309955,Lucerne,Switzerland,47.04258,2010-02-13T23:00:00,http://www.bandsintown.com/event/5279446?app_id=epfl,http://www.bandsintown.com/venue/309955,Treibhaus
郎朗,http://www.bandsintown.com/%E9%83%8E%E6%9C%97,6.141799,3262671,169960,Geneve,Etr,46.2012,2010-02-14T17:00:00,http://www.bandsintown.com/event/3262671?app_id=epfl,http://www.bandsintown.com/venue/169960,VICTORIA HALL
"QUENTIN MOSIMANN ""EXHIBITION TOUR""",http://www.bandsintown.com/QuentinMosimann%22exhibitionTour%22,6.61819,3277136,289098,Lausanne,Switzerland,46.522385,2010-02-14T19:00:00,http://www.bandsintown.com/event/3277136?app_id=epfl,http://www.bandsintown.com/venue/289098,Le Docks
"Michael Flatley's ""Lord Of The Dance""",http://www.bandsintown.com/MichaelFlatley%27s%22lordOfTheDance%22,8.537234,3113309,771839,Zurich,Switzerland,47.366033,2010-02-14T19:00:00,http://www.bandsintown.com/event/3113309?app_id=epfl,http://www.bandsintown.com/venue/771839,Kongresshaus Zürich
Mustard Pimp,http://www.bandsintown.com/MustardPimp,8.484772,3207563,787227,Zurich,Switzerland,47.395538,2010-02-14T20:00:00,http://www.bandsintown.com/event/3207563?app_id=epfl,http://www.bandsintown.com/venue/787227,Wasserwerk Club
Matthew Stevens,http://www.bandsintown.com/MatthewStevens,8.55,3314220,10674,Zurich,25,47.3666667,2010-02-15T20:00:00,http://www.bandsintown.com/event/3314220?app_id=epfl,http://www.bandsintown.com/venue/10674,Moods
Phantom der Oper,http://www.bandsintown.com/PhantomDerOper,8.4854202,3264620,773100,Zurich,ZH,47.3873901,2010-02-15T20:00:00,http://www.bandsintown.com/event/3264620?app_id=epfl,http://www.bandsintown.com/venue/773100,Neues Theater Spirgarten
All Time Low,http://www.bandsintown.com/AllTimeLow,8.55,3305381,816587,Zurich,25,47.3666667,2010-02-15T20:00:00,http://www.bandsintown.com/event/3305381?app_id=epfl,http://www.bandsintown.com/venue/816587,Abart Music Hall
"ULVER ""NOR""",http://www.bandsintown.com/Ulver%22nor%22,7.0666667,3301217,781478,Bulle,06,46.6166667,2010-02-16T19:00:00,http://www.bandsintown.com/event/3301217?app_id=epfl,http://www.bandsintown.com/venue/781478,Ebullition
Evile,http://www.bandsintown.com/Evile,7.1801778,3225459,323397,Düdingen,Canton Of Fribourg,46.8615737,2010-02-16T19:00:00,http://www.bandsintown.com/event/3225459?app_id=epfl,http://www.bandsintown.com/venue/323397,Bad Bonn
Warbringer,http://www.bandsintown.com/Warbringer,7.1801778,3225459,323397,Düdingen,Canton Of Fribourg,46.8615737,2010-02-16T19:00:00,http://www.bandsintown.com/event/3225459?app_id=epfl,http://www.bandsintown.com/venue/323397,Bad Bonn
Savage Messiah,http://www.bandsintown.com/SavageMessiah,7.6833333,3345112,43060,Pratteln,01,47.5166667,2010-02-17T19:00:00,http://www.bandsintown.com/event/3345112?app_id=epfl,http://www.bandsintown.com/venue/43060,Z7
Overkill,http://www.bandsintown.com/Overkill,7.6,3225447,747119,Basel,04,47.5666667,2010-02-17T20:00:00,http://www.bandsintown.com/event/3225447?app_id=epfl,http://www.bandsintown.com/venue/747119,Konzertfabrik Z7
The Black Box Revelation,http://www.bandsintown.com/TheBlackBoxRevelation,9.37437,3352714,768505,Sankt Gallen,15,47.42713,2010-02-17T20:00:00,http://www.bandsintown.com/event/3352714?app_id=epfl,http://www.bandsintown.com/venue/768505,Grabenhalle
The Black Box Revelation,http://www.bandsintown.com/TheBlackBoxRevelation,6.637665,3352715,805099,Lausanne,Etr,46.520172,2010-02-18T20:00:00,http://www.bandsintown.com/event/3352715?app_id=epfl,http://www.bandsintown.com/venue/805099,BLEU LEZARD
Samael,http://www.bandsintown.com/Samael,8.7222841,3342144,147243,Winterthur,25,47.4975354,2010-02-18T20:00:00,http://www.bandsintown.com/event/3342144?app_id=epfl,http://www.bandsintown.com/venue/147243,Salzhaus
Pony Pony Run Run,http://www.bandsintown.com/PonyPonyRunRun,8.537917,3248353,356201,Zurich,Switzerland,47.368768,2010-02-18T20:00:00,http://www.bandsintown.com/event/3248353?app_id=epfl,http://www.bandsintown.com/venue/356201,Alte Börse
Joss Stone,http://www.bandsintown.com/JossStone,8.55,3197690,275159,Zurich,25,47.3666667,2010-02-18T20:30:00,http://www.bandsintown.com/event/3197690?app_id=epfl,http://www.bandsintown.com/venue/275159,X-tra
SWTS-THE ANIMEN-PONY PONY RUN RUN,http://www.bandsintown.com/Swts-theAnimen-ponyPonyRunRun,6.145046,3246095,802991,Geneve,Etr,46.209553,2010-02-19T19:00:00,http://www.bandsintown.com/event/3246095?app_id=epfl,http://www.bandsintown.com/venue/802991,SALLE DE LA TRAVERSE
"REVOLVER ""F""",http://www.bandsintown.com/Revolver%22f%22,7.0666667,3301216,781478,Bulle,06,46.6166667,2010-02-19T19:00:00,http://www.bandsintown.com/event/3301216?app_id=epfl,http://www.bandsintown.com/venue/781478,Ebullition
SEASON TREE,http://www.bandsintown.com/SeasonTree,7.0666667,3301216,781478,Bulle,06,46.6166667,2010-02-19T19:00:00,http://www.bandsintown.com/event/3301216?app_id=epfl,http://www.bandsintown.com/venue/781478,Ebullition
Hindi Zahra,http://www.bandsintown.com/HindiZahra,6.244082,3260640,313886,Nyon,Etr,46.38376,2010-02-19T19:00:00,http://www.bandsintown.com/event/3260640?app_id=epfl,http://www.bandsintown.com/venue/313886,USINE A GAZ
Pony Pony Run Run,http://www.bandsintown.com/PonyPonyRunRun,6.142701,3248354,803978,Geneva,Switzerland,46.208358,2010-02-19T20:00:00,http://www.bandsintown.com/event/3248354?app_id=epfl,http://www.bandsintown.com/venue/803978,Festival Traverses Musicales
Lee Everton,http://www.bandsintown.com/LeeEverton,7.298266,3279727,334526,Conthey,Switzerland,46.224322,2010-02-19T19:00:00,http://www.bandsintown.com/event/3279727?app_id=epfl,http://www.bandsintown.com/venue/334526,Nouveau Monde
The Black Box Revelation,http://www.bandsintown.com/TheBlackBoxRevelation,7.5166667,3352716,280400,Solothurn,18,47.2333333,2010-02-19T20:00:00,http://www.bandsintown.com/event/3352716?app_id=epfl,http://www.bandsintown.com/venue/280400,Kofmehl Halle
Finntroll,http://www.bandsintown.com/Finntroll,7.6,3239005,747119,Basel,04,47.5666667,2010-02-19T18:15:00,http://www.bandsintown.com/event/3239005?app_id=epfl,http://www.bandsintown.com/venue/747119,Konzertfabrik Z7
Musikantenstadl 2009,http://www.bandsintown.com/Musikantenstadl2009,9.1833333,3108461,773037,Kreuzlingen,15,47.65,2010-02-19T19:30:00,http://www.bandsintown.com/event/3108461?app_id=epfl,http://www.bandsintown.com/venue/773037,Bodensee-Arena Kreuzlingen
Musikantenstadl,http://www.bandsintown.com/Musikantenstadl,9.1833333,3108461,773037,Kreuzlingen,15,47.65,2010-02-19T19:30:00,http://www.bandsintown.com/event/3108461?app_id=epfl,http://www.bandsintown.com/venue/773037,Bodensee-Arena Kreuzlingen
Dirty South,http://www.bandsintown.com/DirtySouth,8.55,3387692,834430,Zurich,25,47.3666667,2010-02-19T20:00:00,http://www.bandsintown.com/event/3387692?app_id=epfl,http://www.bandsintown.com/venue/834430,St. Germain
Joss Stone,http://www.bandsintown.com/JossStone,8.55,3197692,275159,Zurich,25,47.3666667,2010-02-19T20:30:00,http://www.bandsintown.com/event/3197692?app_id=epfl,http://www.bandsintown.com/venue/275159,X-tra
Talib Kweli,http://www.bandsintown.com/TalibKweli,8.535557,3386748,772420,Zurich,25,47.343448,2010-02-19T22:00:00,http://www.bandsintown.com/event/3386748?app_id=epfl,http://www.bandsintown.com/venue/772420,Rote fabrik
DJ Brain,http://www.bandsintown.com/DjBrain,9.4,3344827,825917,Sankt Gallen,15,47.4666667,2010-02-19T22:00:00,http://www.bandsintown.com/event/3344827?app_id=epfl,http://www.bandsintown.com/venue/825917,Glow Club
POSITIV,http://www.bandsintown.com/POSITIV,6.145046,3246096,802991,Geneve,Etr,46.209553,2010-02-20T19:00:00,http://www.bandsintown.com/event/3246096?app_id=epfl,http://www.bandsintown.com/venue/802991,SALLE DE LA TRAVERSE
Hipbone Slim,http://www.bandsintown.com/HipboneSlim,6.632625,3310881,794948,Lausanne,Etr,46.519894,2010-02-20T19:00:00,http://www.bandsintown.com/event/3310881?app_id=epfl,http://www.bandsintown.com/venue/794948,Le Romandie
the Kneetremblers,http://www.bandsintown.com/TheKneetremblers,6.632625,3310881,794948,Lausanne,Etr,46.519894,2010-02-20T19:00:00,http://www.bandsintown.com/event/3310881?app_id=epfl,http://www.bandsintown.com/venue/794948,Le Romandie
LA NUIT DE L'HUMANITAIRE,http://www.bandsintown.com/LaNuitDeL%27humanitaire,6.134732,3372159,781601,Geneve,Etr,46.20313,2010-02-20T19:00:00,http://www.bandsintown.com/event/3372159?app_id=epfl,http://www.bandsintown.com/venue/781601,PALLADIUM
Dirty South,http://www.bandsintown.com/DirtySouth,6.63175,3372162,781376,Lausanne,Etr,46.52087,2010-02-20T19:00:00,http://www.bandsintown.com/event/3372162?app_id=epfl,http://www.bandsintown.com/venue/781376,D! CLUB
Talib Kweli,http://www.bandsintown.com/TalibKweli,6.61819,3291029,289098,Lausanne,Switzerland,46.522385,2010-02-20T19:00:00,http://www.bandsintown.com/event/3291029?app_id=epfl,http://www.bandsintown.com/venue/289098,Le Docks
Nicolas Masson,http://www.bandsintown.com/NicolasMasson,6.1666667,3328294,820910,Geneve,07,46.2,2010-02-20T21:30:00,http://www.bandsintown.com/event/3328294?app_id=epfl,http://www.bandsintown.com/venue/820910,Le Sud des Alpes
Kruger,http://www.bandsintown.com/Kruger,6.67119,3396313,169999,Cheseaux-Noréaz,Switzerland,46.781797,2010-02-20T21:30:00,http://www.bandsintown.com/event/3396313?app_id=epfl,http://www.bandsintown.com/venue/169999,Amalgame Club
Yverdoom,http://www.bandsintown.com/Yverdoom,6.67119,3396313,169999,Cheseaux-Noréaz,Switzerland,46.781797,2010-02-20T21:30:00,http://www.bandsintown.com/event/3396313?app_id=epfl,http://www.bandsintown.com/venue/169999,Amalgame Club
Trace of Existence,http://www.bandsintown.com/TraceOfExistence,6.67119,3396313,169999,Cheseaux-Noréaz,Switzerland,46.781797,2010-02-20T21:30:00,http://www.bandsintown.com/event/3396313?app_id=epfl,http://www.bandsintown.com/venue/169999,Amalgame Club
SAÏKO VS LOVESONG,http://www.bandsintown.com/Sa%C3%8FkoVsLovesong,7.298266,3372522,334526,Conthey,Switzerland,46.224322,2010-02-20T19:00:00,http://www.bandsintown.com/event/3372522?app_id=epfl,http://www.bandsintown.com/venue/334526,Nouveau Monde
Paradise Lost,http://www.bandsintown.com/ParadiseLost,7.53692,3382821,833080,Solothurn,Canton Of Solothurn,47.210541,2010-02-20T20:00:00,http://www.bandsintown.com/event/3382821?app_id=epfl,http://www.bandsintown.com/venue/833080,Kulturfabrik Kofmehl
Samael,http://www.bandsintown.com/Samael,7.5166667,3342146,280400,Solothurn,18,47.2333333,2010-02-20T20:00:00,http://www.bandsintown.com/event/3342146?app_id=epfl,http://www.bandsintown.com/venue/280400,Kofmehl Halle
DVW,http://www.bandsintown.com/DVW,7.44046,3386353,787028,Berne,Switzerland,46.948429,2010-02-20T22:00:00,http://www.bandsintown.com/event/3386353?app_id=epfl,http://www.bandsintown.com/venue/787028,Wasserwerk Club
Musikantenstadl,http://www.bandsintown.com/Musikantenstadl,8.552307,3108443,170002,Zurich,25,47.410675,2010-02-20T19:30:00,http://www.bandsintown.com/event/3108443?app_id=epfl,http://www.bandsintown.com/venue/170002,Hallenstadion
Dance Into The Light,http://www.bandsintown.com/DanceIntoTheLight,7.6,3191126,747119,Basel,04,47.5666667,2010-02-20T20:00:00,http://www.bandsintown.com/event/3191126?app_id=epfl,http://www.bandsintown.com/venue/747119,Konzertfabrik Z7
THE ULTIMATIVE PHIL COLLINS SHOW,http://www.bandsintown.com/TheUltimativePhilCollinsShow,7.6,3191126,747119,Basel,04,47.5666667,2010-02-20T20:00:00,http://www.bandsintown.com/event/3191126?app_id=epfl,http://www.bandsintown.com/venue/747119,Konzertfabrik Z7
Bloody Mary,http://www.bandsintown.com/BloodyMary,8.53955,3345041,826021,Zurich,Switzerland,47.37706,2010-02-20T20:00:00,http://www.bandsintown.com/event/3345041?app_id=epfl,http://www.bandsintown.com/venue/826021,The Hive
T.O.K.,http://www.bandsintown.com/T.O.K.,8.539312,3387854,594255,Zurich,Etr,47.383297,2010-02-20T20:00:00,http://www.bandsintown.com/event/3387854?app_id=epfl,http://www.bandsintown.com/venue/594255,Dynamo
Shy FX,http://www.bandsintown.com/ShyFx,8.55,3387878,328406,Zurich,25,47.3666667,2010-02-20T20:00:00,http://www.bandsintown.com/event/3387878?app_id=epfl,http://www.bandsintown.com/venue/328406,Rohstofflager
Pan-Pot,http://www.bandsintown.com/Pan-Pot,8.51966,3360518,829726,Zurich,ZH,47.3856201,2010-02-20T23:00:00,http://www.bandsintown.com/event/3360518?app_id=epfl,http://www.bandsintown.com/venue/829726,Cityfox
SCHALLBOX RECORDS,http://www.bandsintown.com/SchallboxRecords,7.58768,3189616,169942,Basel-City,Switzerland,47.54874,2010-02-20T23:00:00,http://www.bandsintown.com/event/3189616?app_id=epfl,http://www.bandsintown.com/venue/169942,Das Schiff
Eros Ramazzotti,http://www.bandsintown.com/ErosRamazzotti,6.113795,2464447,343144,Le Grand-Saconnex,07,46.2346763,2010-02-21T20:00:00,http://www.bandsintown.com/event/2464447?app_id=epfl,http://www.bandsintown.com/venue/343144,Geneve Arena
Nicolas Masson,http://www.bandsintown.com/NicolasMasson,6.1666667,3328296,820910,Geneve,07,46.2,2010-02-21T21:30:00,http://www.bandsintown.com/event/3328296?app_id=epfl,http://www.bandsintown.com/venue/820910,Le Sud des Alpes
Xavier Rudd,http://www.bandsintown.com/XavierRudd,7.437954,3216230,289084,Berne,,46.956265,2010-02-21T20:00:00,http://www.bandsintown.com/event/3216230?app_id=epfl,http://www.bandsintown.com/venue/289084,Bierhubeli
The Cavern Beatles,http://www.bandsintown.com/TheCavernBeatles,8.4854202,3264884,773100,Zurich,ZH,47.3873901,2010-02-21T19:00:00,http://www.bandsintown.com/event/3264884?app_id=epfl,http://www.bandsintown.com/venue/773100,Neues Theater Spirgarten
Xavier Rudd,http://www.bandsintown.com/XavierRudd,8.536468,3207211,44952,Zurich,Switzerland,47.371722,2010-02-22T20:00:00,http://www.bandsintown.com/event/3207211?app_id=epfl,http://www.bandsintown.com/venue/44952,Kaufleuten
White Lies,http://www.bandsintown.com/WhiteLies,8.536468,3207211,44952,Zurich,Switzerland,47.371722,2010-02-22T20:00:00,http://www.bandsintown.com/event/3207211?app_id=epfl,http://www.bandsintown.com/venue/44952,Kaufleuten
Nicolas Masson,http://www.bandsintown.com/NicolasMasson,8.3,3328297,820912,Baden,01,47.4666667,2010-02-22T20:30:00,http://www.bandsintown.com/event/3328297?app_id=epfl,http://www.bandsintown.com/venue/820912,Isebahnli
Ryan Leslie,http://www.bandsintown.com/RyanLeslie,8.574886,3353720,827736,Wallisellen,Switzerland,47.414766,2010-02-22T21:30:00,http://www.bandsintown.com/event/3353720?app_id=epfl,http://www.bandsintown.com/venue/827736,Indigo_The Venue
Dead By Sunrise,http://www.bandsintown.com/DeadBySunrise,8.527116,3300066,170005,Zurich,Switzerland,47.375485,2010-02-23T19:00:00,http://www.bandsintown.com/event/3300066?app_id=epfl,http://www.bandsintown.com/venue/170005,Volkshaus
Julien-K,http://www.bandsintown.com/Julien-K,8.53955,3358711,343400,Zurich,Canton Of Zurich,47.37706,2010-02-23T20:00:00,http://www.bandsintown.com/event/3358711?app_id=epfl,http://www.bandsintown.com/venue/343400,Volkhaus
Gian-Andrea Costa,http://www.bandsintown.com/Gian-andreaCosta,6.6666667,3393219,835333,Lausanne,23,46.5333333,2010-02-24T20:00:00,http://www.bandsintown.com/event/3393219?app_id=epfl,http://www.bandsintown.com/venue/835333,D. Club
Billy Cobham,http://www.bandsintown.com/BillyCobham,7.563137,3372141,831664,Basel,Switzerland,47.574095,2010-02-24T19:00:00,http://www.bandsintown.com/event/3372141?app_id=epfl,http://www.bandsintown.com/venue/831664,The Flower
Strozzini,http://www.bandsintown.com/Strozzini,8.5359888,3299064,497860,Zurich,ZH,47.3713799,2010-02-24T19:00:00,http://www.bandsintown.com/event/3299064?app_id=epfl,http://www.bandsintown.com/venue/497860,Kaufleutensaal
Adam Green,http://www.bandsintown.com/AdamGreen,8.54673,3207697,293622,Zurich,ZH,47.3663788,2010-02-24T20:00:00,http://www.bandsintown.com/event/3207697?app_id=epfl,http://www.bandsintown.com/venue/293622,Mascotte
Enter Bassman75 Biggest Fan,http://www.bandsintown.com/EnterBassman75BiggestFan,7.58768,3358324,828735,Basel-City,Switzerland,47.54874,2010-02-24T21:00:00,http://www.bandsintown.com/event/3358324?app_id=epfl,http://www.bandsintown.com/venue/828735,Radio Interview
Grandmaster Flash,http://www.bandsintown.com/GrandmasterFlash,6.63175,3371540,781376,Lausanne,Etr,46.52087,2010-02-25T19:00:00,http://www.bandsintown.com/event/3371540?app_id=epfl,http://www.bandsintown.com/venue/781376,D! CLUB
Adam Green,http://www.bandsintown.com/AdamGreen,6.61819,3224008,289098,Lausanne,Switzerland,46.522385,2010-02-25T19:00:00,http://www.bandsintown.com/event/3224008?app_id=epfl,http://www.bandsintown.com/venue/289098,Le Docks
Pamela Hute,http://www.bandsintown.com/PamelaHute,6.23897,3360269,749736,Nyon,VD,46.3816599,2010-02-25T20:00:00,http://www.bandsintown.com/event/3360269?app_id=epfl,http://www.bandsintown.com/venue/749736,La Parenthèse
Cast Spells,http://www.bandsintown.com/CastSpells,8.319649,3223430,309955,Lucerne,Switzerland,47.04258,2010-02-25T19:30:00,http://www.bandsintown.com/event/3223430?app_id=epfl,http://www.bandsintown.com/venue/309955,Treibhaus
Polar Bear Club CHASING HAM,http://www.bandsintown.com/PolarBearClubChasingHam,8.539312,3256343,594255,Zurich,Etr,47.383297,2010-02-25T20:00:00,http://www.bandsintown.com/event/3256343?app_id=epfl,http://www.bandsintown.com/venue/594255,Dynamo
Emilie Autumn,http://www.bandsintown.com/EmilieAutumn,8.5168505,3178404,619427,Zurich,ZH,47.3857193,2010-02-25T20:00:00,http://www.bandsintown.com/event/3178404?app_id=epfl,http://www.bandsintown.com/venue/619427,Harterei
The Dresden Dolls,http://www.bandsintown.com/TheDresdenDolls,7.58768,3314385,818517,Basel-City,Switzerland,47.54874,2010-02-25T21:00:00,http://www.bandsintown.com/event/3314385?app_id=epfl,http://www.bandsintown.com/venue/818517,The Satisfactory
Ana Malhoa,http://www.bandsintown.com/AnaMalhoa,6.141425,3372083,831653,Carouge,Switzerland,46.18331,2010-02-26T19:00:00,http://www.bandsintown.com/event/3372083?app_id=epfl,http://www.bandsintown.com/venue/831653,MONTE CRISTO CLUB
Thierry Romanens,http://www.bandsintown.com/ThierryRomanens,7.127675,3160924,781644,Villars-Sur-GlÂne,Etr,46.792774,2010-02-26T19:00:00,http://www.bandsintown.com/event/3160924?app_id=epfl,http://www.bandsintown.com/venue/781644,NUITHONIE
Le Baron Vampire,http://www.bandsintown.com/LeBaronVampire,7.056969,3343626,825336,Bulle,Switzerland,46.616974,2010-02-26T20:00:00,http://www.bandsintown.com/event/3343626?app_id=epfl,http://www.bandsintown.com/venue/825336,Rocking Chair
Oh No Ono,http://www.bandsintown.com/OhNoOno,6.632625,3304718,794948,Lausanne,Etr,46.519894,2010-02-26T20:00:00,http://www.bandsintown.com/event/3304718?app_id=epfl,http://www.bandsintown.com/venue/794948,Le Romandie
Buvette,http://www.bandsintown.com/Buvette,6.632625,3304718,794948,Lausanne,Etr,46.519894,2010-02-26T20:00:00,http://www.bandsintown.com/event/3304718?app_id=epfl,http://www.bandsintown.com/venue/794948,Le Romandie
Pamela Hute,http://www.bandsintown.com/PamelaHute,6.637665,3250872,805099,Lausanne,Etr,46.520172,2010-02-26T20:00:00,http://www.bandsintown.com/event/3250872?app_id=epfl,http://www.bandsintown.com/venue/805099,BLEU LEZARD
Nicolas Masson,http://www.bandsintown.com/NicolasMasson,6.63939,3328299,773347,Lausanne,VD,46.5199013,2010-02-26T20:30:00,http://www.bandsintown.com/event/3328299?app_id=epfl,http://www.bandsintown.com/venue/773347,Chorus
W:O:A Metal Battle 2010,http://www.bandsintown.com/W%3Ao%3AaMetalBattle2010,6.67119,3396432,169999,Cheseaux-Noréaz,Switzerland,46.781797,2010-02-26T21:30:00,http://www.bandsintown.com/event/3396432?app_id=epfl,http://www.bandsintown.com/venue/169999,Amalgame Club
Abraham,http://www.bandsintown.com/Abraham,6.851925,5306943,306332,Vevey,Etr,46.472145,2010-02-26T22:00:00,http://www.bandsintown.com/event/5306943?app_id=epfl,http://www.bandsintown.com/venue/306332,ROCKING CHAIR
Loco Dice,http://www.bandsintown.com/LocoDice,6.1051998,3247230,335681,Vernier,GE,46.2143097,2010-02-26T23:00:00,http://www.bandsintown.com/event/3247230?app_id=epfl,http://www.bandsintown.com/venue/335681,Weetamix
PERRINE,http://www.bandsintown.com/PERRINE,7.298266,3279726,334526,Conthey,Switzerland,46.224322,2010-02-26T19:00:00,http://www.bandsintown.com/event/3279726?app_id=epfl,http://www.bandsintown.com/venue/334526,Nouveau Monde
LES GACONS,http://www.bandsintown.com/LesGacons,7.298266,3279726,334526,Conthey,Switzerland,46.224322,2010-02-26T19:00:00,http://www.bandsintown.com/event/3279726?app_id=epfl,http://www.bandsintown.com/venue/334526,Nouveau Monde
DVW,http://www.bandsintown.com/DVW,7.4426398,3386354,802218,Berne,BE,46.9495087,2010-02-26T23:00:00,http://www.bandsintown.com/event/3386354?app_id=epfl,http://www.bandsintown.com/venue/802218,Club Bonsoir
The Grascals,http://www.bandsintown.com/TheGrascals,8.55,3107334,289114,Zurich,25,47.3666667,2010-02-26T19:00:00,http://www.bandsintown.com/event/3107334?app_id=epfl,http://www.bandsintown.com/venue/289114,Schutzenhaus Albisguetli
Chris Rea,http://www.bandsintown.com/ChrisRea,8.2666667,3115912,280398,Lucerne,11,47.0833333,2010-02-26T19:00:00,http://www.bandsintown.com/event/3115912?app_id=epfl,http://www.bandsintown.com/venue/280398,KKL Pavilion
André Rieu,http://www.bandsintown.com/Andr%C3%A9Rieu,8.55,2430467,832842,Zurich,25,47.3666667,2010-02-26T20:00:00,http://www.bandsintown.com/event/2430467?app_id=epfl,http://www.bandsintown.com/venue/832842,Zürich Hallenstadion
The Peacocks,http://www.bandsintown.com/ThePeacocks,8.7179403,3315599,289112,Winterthur,ZH,47.4947815,2010-02-26T20:00:00,http://www.bandsintown.com/event/3315599?app_id=epfl,http://www.bandsintown.com/venue/289112,Kraftfeld
Shakra,http://www.bandsintown.com/Shakra,7.6,3275154,747119,Basel,04,47.5666667,2010-02-26T20:00:00,http://www.bandsintown.com/event/3275154?app_id=epfl,http://www.bandsintown.com/venue/747119,Konzertfabrik Z7
Cassandra Steen,http://www.bandsintown.com/CassandraSteen,8.55,3255762,10674,Zurich,25,47.3666667,2010-02-26T20:00:00,http://www.bandsintown.com/event/3255762?app_id=epfl,http://www.bandsintown.com/venue/10674,Moods
Lamb of God,http://www.bandsintown.com/LambOfGod,8.527116,3047124,170005,Zurich,Switzerland,47.375485,2010-02-26T20:00:00,http://www.bandsintown.com/event/3047124?app_id=epfl,http://www.bandsintown.com/venue/170005,Volkshaus
August Burns Red,http://www.bandsintown.com/AugustBurnsRed,8.527116,3047124,170005,Zurich,Switzerland,47.375485,2010-02-26T20:00:00,http://www.bandsintown.com/event/3047124?app_id=epfl,http://www.bandsintown.com/venue/170005,Volkshaus
Between the Buried and Me,http://www.bandsintown.com/BetweenTheBuriedAndMe,8.527116,3047124,170005,Zurich,Switzerland,47.375485,2010-02-26T20:00:00,http://www.bandsintown.com/event/3047124?app_id=epfl,http://www.bandsintown.com/venue/170005,Volkshaus
Job for a Cowboy,http://www.bandsintown.com/JobForACowboy,8.527116,3047124,170005,Zurich,Switzerland,47.375485,2010-02-26T20:00:00,http://www.bandsintown.com/event/3047124?app_id=epfl,http://www.bandsintown.com/venue/170005,Volkshaus
T.Raumschmiere,http://www.bandsintown.com/T.Raumschmiere,8.5204697,3184365,547907,Zurich,ZH,47.3853683,2010-02-26T23:00:00,http://www.bandsintown.com/event/3184365?app_id=epfl,http://www.bandsintown.com/venue/547907,Hive Club
DJ Brain,http://www.bandsintown.com/DjBrain,9.4,3344828,825917,Sankt Gallen,15,47.4666667,2010-02-26T22:00:00,http://www.bandsintown.com/event/3344828?app_id=epfl,http://www.bandsintown.com/venue/825917,Glow Club
Clipse,http://www.bandsintown.com/Clipse,9.4,3344828,825917,Sankt Gallen,15,47.4666667,2010-02-26T22:00:00,http://www.bandsintown.com/event/3344828?app_id=epfl,http://www.bandsintown.com/venue/825917,Glow Club
FM Belfast,http://www.bandsintown.com/FmBelfast,6.632625,3310876,794948,Lausanne,Etr,46.519894,2010-02-27T19:00:00,http://www.bandsintown.com/event/3310876?app_id=epfl,http://www.bandsintown.com/venue/794948,Le Romandie
schnitzer,http://www.bandsintown.com/schnitzer,6.632625,3310876,794948,Lausanne,Etr,46.519894,2010-02-27T19:00:00,http://www.bandsintown.com/event/3310876?app_id=epfl,http://www.bandsintown.com/venue/794948,Le Romandie
"T.RAUMSCHMIERE ""D""",http://www.bandsintown.com/T.raumschmiere%22d%22,7.0666667,3301215,781478,Bulle,06,46.6166667,2010-02-27T19:00:00,http://www.bandsintown.com/event/3301215?app_id=epfl,http://www.bandsintown.com/venue/781478,Ebullition
Wäks,http://www.bandsintown.com/W%C3%A4ks,7.0666667,3301215,781478,Bulle,06,46.6166667,2010-02-27T19:00:00,http://www.bandsintown.com/event/3301215?app_id=epfl,http://www.bandsintown.com/venue/781478,Ebullition
Kruger,http://www.bandsintown.com/Kruger,7.1801778,3225441,323397,Düdingen,Canton Of Fribourg,46.8615737,2010-02-27T19:00:00,http://www.bandsintown.com/event/3225441?app_id=epfl,http://www.bandsintown.com/venue/323397,Bad Bonn
Le Baron Vampire,http://www.bandsintown.com/LeBaronVampire,7.1801778,3225441,323397,Düdingen,Canton Of Fribourg,46.8615737,2010-02-27T19:00:00,http://www.bandsintown.com/event/3225441?app_id=epfl,http://www.bandsintown.com/venue/323397,Bad Bonn
Abraham,http://www.bandsintown.com/Abraham,7.1801778,3225441,323397,Düdingen,Canton Of Fribourg,46.8615737,2010-02-27T19:00:00,http://www.bandsintown.com/event/3225441?app_id=epfl,http://www.bandsintown.com/venue/323397,Bad Bonn
Anja Schneider,http://www.bandsintown.com/AnjaSchneider,6.6271658,3286020,813255,Lausanne,23,46.5218661,2010-02-27T20:00:00,http://www.bandsintown.com/event/3286020?app_id=epfl,http://www.bandsintown.com/venue/813255,MAD CLUB
Pamela Hute,http://www.bandsintown.com/PamelaHute,6.9361,3250873,805100,Neuchatel,Switzerland,46.98938,2010-02-27T20:00:00,http://www.bandsintown.com/event/3250873?app_id=epfl,http://www.bandsintown.com/venue/805100,CCN Le Pommier
Nicolas Masson,http://www.bandsintown.com/NicolasMasson,6.65,3328300,820913,Yverdon-Les-Bains,23,46.7833333,2010-02-27T20:30:00,http://www.bandsintown.com/event/3328300?app_id=epfl,http://www.bandsintown.com/venue/820913,Théâtre de l'Echandole
Enter Bassman75 Biggest Fan,http://www.bandsintown.com/EnterBassman75BiggestFan,6.9361,3358325,828736,Neuchatel,Switzerland,46.98938,2010-02-27T21:00:00,http://www.bandsintown.com/event/3358325?app_id=epfl,http://www.bandsintown.com/venue/828736,CHERRY BAR PRESENTS Dança Do GATO
T.Raumschmiere,http://www.bandsintown.com/T.Raumschmiere,7.153683,3250723,805020,Freiburg,Switzerland,46.803746,2010-02-27T23:00:00,http://www.bandsintown.com/event/3250723?app_id=epfl,http://www.bandsintown.com/venue/805020,Ebullition Club
As We Fight,http://www.bandsintown.com/AsWeFight,7.45922,3254090,505100,Berne,Switzerland,46.964001,2010-02-27T20:00:00,http://www.bandsintown.com/event/3254090?app_id=epfl,http://www.bandsintown.com/venue/505100,Graffitti
Martin Eyerer,http://www.bandsintown.com/MartinEyerer,8.55,3254937,807123,Zurich,25,47.3666667,2010-02-27T12:00:00,http://www.bandsintown.com/event/3254937?app_id=epfl,http://www.bandsintown.com/venue/807123,Papiesall
Dee Dee Bridgewater,http://www.bandsintown.com/DeeDeeBridgewater,8.311669,3038439,799436,Lucerne,Switzerland,47.051079,2010-02-27T19:00:00,http://www.bandsintown.com/event/3038439?app_id=epfl,http://www.bandsintown.com/venue/799436,Luzerner Saal
André Rieu,http://www.bandsintown.com/Andr%C3%A9Rieu,8.55,3351833,832842,Zurich,25,47.3666667,2010-02-27T20:00:00,http://www.bandsintown.com/event/3351833?app_id=epfl,http://www.bandsintown.com/venue/832842,Zürich Hallenstadion
Feuerengel,http://www.bandsintown.com/Feuerengel,7.6,3159954,747119,Basel,04,47.5666667,2010-02-27T20:00:00,http://www.bandsintown.com/event/3159954?app_id=epfl,http://www.bandsintown.com/venue/747119,Konzertfabrik Z7
ITP,http://www.bandsintown.com/ITP,8.5268599,3338960,620982,Zurich,ZH,47.38074,2010-02-27T20:00:00,http://www.bandsintown.com/event/3338960?app_id=epfl,http://www.bandsintown.com/venue/620982,SWITZERLAND
The Australian Pink Floyd Show,http://www.bandsintown.com/TheAustralianPinkFloydShow,8.54325,3326065,781844,Zurich,ZH,47.36988,2010-02-27T20:15:00,http://www.bandsintown.com/event/3326065?app_id=epfl,http://www.bandsintown.com/venue/781844,Helmhaus Zürich
SynSUN,http://www.bandsintown.com/SynSUN,8.51685,3184952,824772,Zurich,ZH,47.38572,2010-02-27T22:00:00,http://www.bandsintown.com/event/3184952?app_id=epfl,http://www.bandsintown.com/venue/824772,SWISS
Turntablerocker,http://www.bandsintown.com/Turntablerocker,9.2177759,3256775,358984,Laax,09,46.8525978,2010-02-27T23:45:00,http://www.bandsintown.com/event/3256775?app_id=epfl,http://www.bandsintown.com/venue/358984,Riders Palace
50 Cent,http://www.bandsintown.com/50Cent,8.552307,3284257,170002,Zurich,25,47.410675,2010-02-28T20:00:00,http://www.bandsintown.com/event/3284257?app_id=epfl,http://www.bandsintown.com/venue/170002,Hallenstadion
The Dresden Dolls,http://www.bandsintown.com/TheDresdenDolls,9.37369,3314386,356220,St. Gallen,Switzerland,47.42638,2010-02-28T21:00:00,http://www.bandsintown.com/event/3314386?app_id=epfl,http://www.bandsintown.com/venue/356220,Grabenhalle
Loading Data,http://www.bandsintown.com/LoadingData,9.83866,3254300,806799,Sankt Moritz-Dorf,Switzerland,46.496101,2010-02-28T20:00:00,http://www.bandsintown.com/event/3254300?app_id=epfl,http://www.bandsintown.com/venue/806799,Le Manoir
Kelly Clarkson,http://www.bandsintown.com/KellyClarkson,8.527116,3111725,170005,Zurich,Switzerland,47.375485,2010-03-01T19:00:00,http://www.bandsintown.com/event/3111725?app_id=epfl,http://www.bandsintown.com/venue/170005,Volkshaus
Parachute,http://www.bandsintown.com/Parachute,8.53955,3252401,343400,Zurich,Canton Of Zurich,47.37706,2010-03-01T19:00:00,http://www.bandsintown.com/event/3252401?app_id=epfl,http://www.bandsintown.com/venue/343400,Volkhaus
Lacuna Coil,http://www.bandsintown.com/LacunaCoil,8.539312,3178103,594255,Zurich,Etr,47.383297,2010-03-01T20:00:00,http://www.bandsintown.com/event/3178103?app_id=epfl,http://www.bandsintown.com/venue/594255,Dynamo
Dommin,http://www.bandsintown.com/Dommin,8.539312,3178103,594255,Zurich,Etr,47.383297,2010-03-01T20:00:00,http://www.bandsintown.com/event/3178103?app_id=epfl,http://www.bandsintown.com/venue/594255,Dynamo
Kevin Devine,http://www.bandsintown.com/KevinDevine,8.55,3342483,90375,Zurich,25,47.3666667,2010-03-01T20:00:00,http://www.bandsintown.com/event/3342483?app_id=epfl,http://www.bandsintown.com/venue/90375,Hafenkneipe
Helmut Lotti,http://www.bandsintown.com/HelmutLotti,8.552307,3312913,170002,Zurich,25,47.410675,2010-03-02T20:00:00,http://www.bandsintown.com/event/3312913?app_id=epfl,http://www.bandsintown.com/venue/170002,Hallenstadion
Skindred,http://www.bandsintown.com/Skindred,8.55,3179360,786791,Zurich,25,47.3666667,2010-03-02T20:00:00,http://www.bandsintown.com/event/3179360?app_id=epfl,http://www.bandsintown.com/venue/786791,Avart
Gian-Andrea Costa,http://www.bandsintown.com/Gian-andreaCosta,8.5194702,3393221,697731,Zurich,ZH,47.3882217,2010-03-02T20:00:00,http://www.bandsintown.com/event/3393221?app_id=epfl,http://www.bandsintown.com/venue/697731,Exil
Nitzer Ebb,http://www.bandsintown.com/NitzerEbb,8.55,3302273,275159,Zurich,25,47.3666667,2010-03-02T20:30:00,http://www.bandsintown.com/event/3302273?app_id=epfl,http://www.bandsintown.com/venue/275159,X-tra
Arsonists Get All the Girls,http://www.bandsintown.com/ArsonistsGetAllTheGirls,9.56527,3179390,786799,Zizers,Switzerland,46.936001,2010-03-02T20:00:00,http://www.bandsintown.com/event/3179390?app_id=epfl,http://www.bandsintown.com/venue/786799,Event Stage
War From a Harlots Mouth,http://www.bandsintown.com/WarFromAHarlotsMouth,9.56527,3179390,786799,Zizers,Switzerland,46.936001,2010-03-02T20:00:00,http://www.bandsintown.com/event/3179390?app_id=epfl,http://www.bandsintown.com/venue/786799,Event Stage
A Plea for Purging,http://www.bandsintown.com/APleaForPurging,9.56527,3179390,786799,Zizers,Switzerland,46.936001,2010-03-02T20:00:00,http://www.bandsintown.com/event/3179390?app_id=epfl,http://www.bandsintown.com/venue/786799,Event Stage
Pontiak,http://www.bandsintown.com/Pontiak,6.632625,3376387,794948,Lausanne,Etr,46.519894,2010-03-03T19:00:00,http://www.bandsintown.com/event/3376387?app_id=epfl,http://www.bandsintown.com/venue/794948,Le Romandie
Pro-Pain,http://www.bandsintown.com/Pro-Pain,7.1801778,3260604,323397,Düdingen,Canton Of Fribourg,46.8615737,2010-03-03T19:00:00,http://www.bandsintown.com/event/3260604?app_id=epfl,http://www.bandsintown.com/venue/323397,Bad Bonn
Clawerfield,http://www.bandsintown.com/Clawerfield,7.440461,7293537,80385,Berne,,46.948432,2010-03-03T19:00:00,http://www.bandsintown.com/event/7293537?app_id=epfl,http://www.bandsintown.com/venue/80385,ISC
In Extremo,http://www.bandsintown.com/InExtremo,8.55,3288554,275159,Zurich,25,47.3666667,2010-03-03T18:45:00,http://www.bandsintown.com/event/3288554?app_id=epfl,http://www.bandsintown.com/venue/275159,X-tra
