artist_name,artist_url,event_venue.latitude,event_venue.city,event_datetime,event_venue.region,event_venue.id,event_venue.url,event_id,event_venue.name,event_venue.longitude,event_url
Samael,http://www.bandsintown.com/Samael,46.833961,RäSch,2009-06-01T20:00:00,Switzerland,555676,http://www.bandsintown.com/venue/555676,2558607,Abart,7.16102,http://www.bandsintown.com/event/2558607?app_id=epfl
Alasdair Fraser,http://www.bandsintown.com/AlasdairFraser,47.360308,Gränichen,2009-06-01T19:00:00,,502898,http://www.bandsintown.com/venue/502898,1604890,tba,8.096135,http://www.bandsintown.com/event/1604890?app_id=epfl
Natalie Haas,http://www.bandsintown.com/NatalieHaas,47.360308,Gränichen,2009-06-01T19:00:00,,502898,http://www.bandsintown.com/venue/502898,1604890,tba,8.096135,http://www.bandsintown.com/event/1604890?app_id=epfl
Karima Nayt,http://www.bandsintown.com/KarimaNayt,47.4666667,Windisch,2009-06-03T19:00:00,01,1049188,http://www.bandsintown.com/venue/1049188,5441844,Klosterkirche Köningsfelden,8.2333333,http://www.bandsintown.com/event/5441844?app_id=epfl
JarabedePalo,http://www.bandsintown.com/JarabedePalo,47.3713799,Zurich,2009-06-03T19:00:00,ZH,497860,http://www.bandsintown.com/venue/497860,2494128,Kaufleutensaal,8.5359888,http://www.bandsintown.com/event/2494128?app_id=epfl
Mogwai,http://www.bandsintown.com/Mogwai,47.42638,St. Gallen,2009-06-03T20:00:00,Switzerland,356220,http://www.bandsintown.com/venue/356220,2205064,Grabenhalle,9.37369,http://www.bandsintown.com/event/2205064?app_id=epfl
Karima Nayt,http://www.bandsintown.com/KarimaNayt,47.4666667,Windisch,2009-06-04T19:00:00,01,1049188,http://www.bandsintown.com/venue/1049188,5441845,Klosterkirche Köningsfelden,8.2333333,http://www.bandsintown.com/event/5441845?app_id=epfl
Lorenz Keiser,http://www.bandsintown.com/LorenzKeiser,47.3713799,Zurich,2009-06-04T19:00:00,ZH,497860,http://www.bandsintown.com/venue/497860,2494129,Kaufleutensaal,8.5359888,http://www.bandsintown.com/event/2494129?app_id=epfl
Lila Downs,http://www.bandsintown.com/LilaDowns,47.0833333,Lucerne,2009-06-04T19:30:00,11,280398,http://www.bandsintown.com/venue/280398,1770804,KKL Pavilion,8.2666667,http://www.bandsintown.com/event/1770804?app_id=epfl
Hollywood Undead,http://www.bandsintown.com/HollywoodUndead,47.362215,Zurich,2009-06-04T20:00:00,Switzerland,48122,http://www.bandsintown.com/venue/48122,1320096,Abart,8.522239,http://www.bandsintown.com/event/1320096?app_id=epfl
Alesana,http://www.bandsintown.com/Alesana,47.362215,Zurich,2009-06-04T20:00:00,Switzerland,48122,http://www.bandsintown.com/venue/48122,1320096,Abart,8.522239,http://www.bandsintown.com/event/1320096?app_id=epfl
Kid Rock,http://www.bandsintown.com/KidRock,47.454824,Wettingen,2009-06-04T20:00:00,Switzerland,459824,http://www.bandsintown.com/venue/459824,1132264,Sportzentrum,8.337897,http://www.bandsintown.com/event/1132264?app_id=epfl
Lynyrd Skynyrd,http://www.bandsintown.com/LynyrdSkynyrd,47.454824,Wettingen,2009-06-04T20:00:00,Switzerland,459824,http://www.bandsintown.com/venue/459824,1132264,Sportzentrum,8.337897,http://www.bandsintown.com/event/1132264?app_id=epfl
Frantic,http://www.bandsintown.com/Frantic,47.42638,St. Gallen,2009-06-04T20:00:00,Switzerland,618791,http://www.bandsintown.com/venue/618791,2558616,Musig uf de Gass,9.37369,http://www.bandsintown.com/event/2558616?app_id=epfl
Zombie Nation,http://www.bandsintown.com/ZombieNation,46.208358,Geneva,2009-06-05T12:00:00,Switzerland,338841,http://www.bandsintown.com/venue/338841,2559607,L Usine,6.142701,http://www.bandsintown.com/event/2559607?app_id=epfl
Karima Nayt,http://www.bandsintown.com/KarimaNayt,47.4666667,Windisch,2009-06-05T19:00:00,01,1049188,http://www.bandsintown.com/venue/1049188,5441849,Klosterkirche Köningsfelden,8.2333333,http://www.bandsintown.com/event/5441849?app_id=epfl
Eisbrecher,http://www.bandsintown.com/Eisbrecher,47.457966,Otelfingen,2009-06-05T20:00:00,Switzerland,555833,http://www.bandsintown.com/venue/555833,2007423,Rock am Limes,8.39884,http://www.bandsintown.com/event/2007423?app_id=epfl
We Are Terrorists,http://www.bandsintown.com/WeAreTerrorists,47.4975354,Winterthur,2009-06-05T22:00:00,25,147243,http://www.bandsintown.com/venue/147243,2561122,Salzhaus,8.7222841,http://www.bandsintown.com/event/2561122?app_id=epfl
Boo Boo Davis,http://www.bandsintown.com/BooBooDavis,47.09243,Weite,2009-06-05T19:00:00,Switzerland,641679,http://www.bandsintown.com/venue/641679,2713569,Restaurant Hirschen,9.49766,http://www.bandsintown.com/event/2713569?app_id=epfl
The Outside Agency,http://www.bandsintown.com/TheOutsideAgency,46.989078,Neuchatel,2009-06-06T20:00:00,12,289103,http://www.bandsintown.com/venue/289103,2642958,Case À Chocs,6.92194,http://www.bandsintown.com/event/2642958?app_id=epfl
Ziggi,http://www.bandsintown.com/Ziggi,46.99034,Neuchâtel,2009-06-06T20:00:00,Switzerland,617990,http://www.bandsintown.com/venue/617990,2556820,Festineuch,6.93112,http://www.bandsintown.com/event/2556820?app_id=epfl
Lützenkirchen,http://www.bandsintown.com/L%C3%BCtzenkirchen,46.833961,RäSch,2009-06-06T20:00:00,Switzerland,619274,http://www.bandsintown.com/venue/619274,2559407,OXA,7.16102,http://www.bandsintown.com/event/2559407?app_id=epfl
Format: B,http://www.bandsintown.com/Format%3AB,47.364562,Saint-Ursanne,2009-06-06T20:00:00,Switzerland,556820,http://www.bandsintown.com/venue/556820,2009984,club Fours,7.15368,http://www.bandsintown.com/event/2009984?app_id=epfl
Karima Nayt,http://www.bandsintown.com/KarimaNayt,47.4666667,Windisch,2009-06-06T19:00:00,01,1049188,http://www.bandsintown.com/venue/1049188,5441850,Klosterkirche Köningsfelden,8.2333333,http://www.bandsintown.com/event/5441850?app_id=epfl
Boo Boo Davis,http://www.bandsintown.com/BooBooDavis,47.6930695,Feuerthalen,2009-06-06T19:00:00,ZH,641680,http://www.bandsintown.com/venue/641680,2713570,Dolder 2,8.6432304,http://www.bandsintown.com/event/2713570?app_id=epfl
Bloodsucking Zombies From Outer Space,http://www.bandsintown.com/BloodsuckingZombiesFromOuterSpace,47.3833038,Zürich,2009-06-06T20:00:00,,46886,http://www.bandsintown.com/venue/46886,2530014,Dynamo Werk 21,8.5393044,http://www.bandsintown.com/event/2530014?app_id=epfl
Insane Betty,http://www.bandsintown.com/InsaneBetty,47.425971,St. Gallen,2009-06-06T20:00:00,Canton Of St. Gallen,632936,http://www.bandsintown.com/venue/632936,2642804,Talhof,9.373015,http://www.bandsintown.com/event/2642804?app_id=epfl
hilaria kramer,http://www.bandsintown.com/HilariaKramer,46.0,Lugano,2009-06-06T19:00:00,20,589913,http://www.bandsintown.com/venue/589913,2316207,Concert,8.9666667,http://www.bandsintown.com/event/2316207?app_id=epfl
Michael Burks,http://www.bandsintown.com/MichaelBurks,46.18699,Bellinzona,2009-06-06T19:00:00,TI,614893,http://www.bandsintown.com/venue/614893,2530537,6500 Music Club,9.01473,http://www.bandsintown.com/event/2530537?app_id=epfl
Q-Burns Abstract Message,http://www.bandsintown.com/Q-burnsAbstractMessage,46.201474,Geneva,2009-06-07T18:00:00,Geneva,641375,http://www.bandsintown.com/venue/641375,2712792,Cirkus Bar,6.140584,http://www.bandsintown.com/event/2712792?app_id=epfl
Karima Nayt,http://www.bandsintown.com/KarimaNayt,47.4666667,Windisch,2009-06-07T19:00:00,01,1049188,http://www.bandsintown.com/venue/1049188,5441851,Klosterkirche Köningsfelden,8.2333333,http://www.bandsintown.com/event/5441851?app_id=epfl
Evocation,http://www.bandsintown.com/Evocation,46.82368,Erstfeld,2009-06-07T20:00:00,Switzerland,621330,http://www.bandsintown.com/venue/621330,2562911,Transilvania Summer Festival,8.65031,http://www.bandsintown.com/event/2562911?app_id=epfl
God Dethroned,http://www.bandsintown.com/GodDethroned,46.823681,Erstfeld,2009-06-07T20:00:00,Switzerland,621118,http://www.bandsintown.com/venue/621118,2562539,CH,8.65031,http://www.bandsintown.com/event/2562539?app_id=epfl
Michael Burks,http://www.bandsintown.com/MichaelBurks,46.18699,Bellinzona,2009-06-07T19:00:00,TI,614893,http://www.bandsintown.com/venue/614893,2530538,6500 Music Club,9.01473,http://www.bandsintown.com/event/2530538?app_id=epfl
Miccoli,http://www.bandsintown.com/Miccoli,46.9434269,Bern,2009-06-08T20:00:00,05,445651,http://www.bandsintown.com/venue/445651,1327180,TBC,7.4383182,http://www.bandsintown.com/event/1327180?app_id=epfl
New Found Glory,http://www.bandsintown.com/NewFoundGlory,47.3666667,Zurich,2009-06-08T20:00:00,25,576950,http://www.bandsintown.com/venue/576950,2203268,Haerterei,8.55,http://www.bandsintown.com/event/2203268?app_id=epfl
Kimya Dawson,http://www.bandsintown.com/KimyaDawson,47.0327682,Kriens,2009-06-08T20:00:00,LU,433386,http://www.bandsintown.com/venue/433386,2433160,Südpol,8.2969799,http://www.bandsintown.com/event/2433160?app_id=epfl
Karl Blau,http://www.bandsintown.com/KarlBlau,47.0327682,Kriens,2009-06-08T20:00:00,LU,433386,http://www.bandsintown.com/venue/433386,2433160,Südpol,8.2969799,http://www.bandsintown.com/event/2433160?app_id=epfl
Angelo Spencer,http://www.bandsintown.com/AngeloSpencer,47.0327682,Kriens,2009-06-08T20:00:00,LU,433386,http://www.bandsintown.com/venue/433386,2433160,Südpol,8.2969799,http://www.bandsintown.com/event/2433160?app_id=epfl
Gavin DeGraw,http://www.bandsintown.com/GavinDegraw,47.375485,Zurich,2009-06-09T20:00:00,Switzerland,170005,http://www.bandsintown.com/venue/170005,2279687,Volkshaus,8.527116,http://www.bandsintown.com/event/2279687?app_id=epfl
Joey DeGraw,http://www.bandsintown.com/JoeyDegraw,47.375485,Zurich,2009-06-09T20:00:00,Switzerland,170005,http://www.bandsintown.com/venue/170005,2279687,Volkshaus,8.527116,http://www.bandsintown.com/event/2279687?app_id=epfl
The Acacia Strain,http://www.bandsintown.com/TheAcaciaStrain,47.3833038,Zürich,2009-06-09T20:00:00,,46886,http://www.bandsintown.com/venue/46886,2001437,Dynamo Werk 21,8.5393044,http://www.bandsintown.com/event/2001437?app_id=epfl
Aborted,http://www.bandsintown.com/Aborted,47.3833038,Zürich,2009-06-09T20:00:00,,46886,http://www.bandsintown.com/venue/46886,2001437,Dynamo Werk 21,8.5393044,http://www.bandsintown.com/event/2001437?app_id=epfl
Caribana Festival,http://www.bandsintown.com/CaribanaFestival,46.362072,Crans-Pres-Celigny,2009-06-10T17:00:00,,169981,http://www.bandsintown.com/venue/169981,2438205,CARIBANA FESTIVAL,6.214585,http://www.bandsintown.com/event/2438205?app_id=epfl
ant-zen,http://www.bandsintown.com/ant-zen,46.208358,Geneva,2009-06-10T20:00:00,Switzerland,338841,http://www.bandsintown.com/venue/338841,2559856,L Usine,6.142701,http://www.bandsintown.com/event/2559856?app_id=epfl
Laurent Garnier,http://www.bandsintown.com/LaurentGarnier,46.203938,Geneva,2009-06-10T20:00:00,Geneva,119670,http://www.bandsintown.com/venue/119670,2529762,L'Usine / PTR,6.136453,http://www.bandsintown.com/event/2529762?app_id=epfl
Karima Nayt,http://www.bandsintown.com/KarimaNayt,47.4666667,Windisch,2009-06-10T19:00:00,01,1049188,http://www.bandsintown.com/venue/1049188,5441852,Klosterkirche Köningsfelden,8.2333333,http://www.bandsintown.com/event/5441852?app_id=epfl
Patricia Kopatchinskaja,http://www.bandsintown.com/PatriciaKopatchinskaja,47.3713799,Zurich,2009-06-10T19:00:00,ZH,497860,http://www.bandsintown.com/venue/497860,2494124,Kaufleutensaal,8.5359888,http://www.bandsintown.com/event/2494124?app_id=epfl
Chris Cornell,http://www.bandsintown.com/ChrisCornell,47.37706,Zurich,2009-06-10T20:00:00,Switzerland,330261,http://www.bandsintown.com/venue/330261,2204343,Extra,8.53955,http://www.bandsintown.com/event/2204343?app_id=epfl
Juliet Sikora,http://www.bandsintown.com/JulietSikora,47.423328,Niederrohrdorf,2009-06-10T23:00:00,Switzerland,619450,http://www.bandsintown.com/venue/619450,2559686,Luxafin Spring Night,8.305922,http://www.bandsintown.com/event/2559686?app_id=epfl
Starfield,http://www.bandsintown.com/Starfield,46.233595,Genève,2009-06-11T19:00:00,,169958,http://www.bandsintown.com/venue/169958,1934073,Arena,6.1122833,http://www.bandsintown.com/event/1934073?app_id=epfl
Michael W. Smith,http://www.bandsintown.com/MichaelW.Smith,46.233595,Genève,2009-06-11T19:00:00,,169958,http://www.bandsintown.com/venue/169958,1934073,Arena,6.1122833,http://www.bandsintown.com/event/1934073?app_id=epfl
Chris Cornell,http://www.bandsintown.com/ChrisCornell,46.362072,Crans-Pres-Celigny,2009-06-11T20:00:00,,169981,http://www.bandsintown.com/venue/169981,2204344,CARIBANA FESTIVAL,6.214585,http://www.bandsintown.com/event/2204344?app_id=epfl
Caribana Festival,http://www.bandsintown.com/CaribanaFestival,46.362072,Crans-Pres-Celigny,2009-06-11T20:00:00,,169981,http://www.bandsintown.com/venue/169981,2204344,CARIBANA FESTIVAL,6.214585,http://www.bandsintown.com/event/2204344?app_id=epfl
Karima Nayt,http://www.bandsintown.com/KarimaNayt,47.4666667,Windisch,2009-06-11T19:00:00,01,1049188,http://www.bandsintown.com/venue/1049188,5441854,Klosterkirche Köningsfelden,8.2333333,http://www.bandsintown.com/event/5441854?app_id=epfl
Scan X,http://www.bandsintown.com/ScanX,47.3666667,Zurich,2009-06-11T20:00:00,25,328406,http://www.bandsintown.com/venue/328406,2561273,Rohstofflager,8.55,http://www.bandsintown.com/event/2561273?app_id=epfl
Caribana Festival,http://www.bandsintown.com/CaribanaFestival,46.362072,Crans-Pres-Celigny,2009-06-12T17:00:00,,169981,http://www.bandsintown.com/venue/169981,2438226,CARIBANA FESTIVAL,6.214585,http://www.bandsintown.com/event/2438226?app_id=epfl
Tweek,http://www.bandsintown.com/Tweek,46.362072,Crans-Pres-Celigny,2009-06-12T17:00:00,,169981,http://www.bandsintown.com/venue/169981,2438226,CARIBANA FESTIVAL,6.214585,http://www.bandsintown.com/event/2438226?app_id=epfl
Prinzhorn Dance School,http://www.bandsintown.com/PrinzhornDanceSchool,46.5333333,Lausanne,2009-06-12T19:00:00,23,19267,http://www.bandsintown.com/venue/19267,892196,Romandie,6.6666667,http://www.bandsintown.com/event/892196?app_id=epfl
DJ Franki Chan,http://www.bandsintown.com/DjFrankiChan,46.204,Geneva,2009-06-12T19:00:00,GE,333195,http://www.bandsintown.com/venue/333195,2713408,Zoo,6.13628,http://www.bandsintown.com/event/2713408?app_id=epfl
Morr Music,http://www.bandsintown.com/MorrMusic,46.803746,Freiburg,2009-06-12T20:00:00,Switzerland,549170,http://www.bandsintown.com/venue/549170,1943042,Benni Hemm Hemm,7.153683,http://www.bandsintown.com/event/1943042?app_id=epfl
Loren'co,http://www.bandsintown.com/Loren%27co,46.314554,Chavannes-Des-Bois,2009-06-12T21:00:00,Switzerland,620221,http://www.bandsintown.com/venue/620221,2561005,ArtistPub,6.131612,http://www.bandsintown.com/event/2561005?app_id=epfl
Fall of Serenity,http://www.bandsintown.com/FallOfSerenity,46.624569,Reichenbach,2009-06-12T20:00:00,Switzerland,357649,http://www.bandsintown.com/venue/357649,921066,Chronical Moshers Open Air,7.69,http://www.bandsintown.com/event/921066?app_id=epfl
Social Distortion,http://www.bandsintown.com/SocialDistortion,46.6833333,Interlaken,2009-06-12T16:30:00,05,433684,http://www.bandsintown.com/venue/433684,1280356,Greenfield Festival,7.85,http://www.bandsintown.com/event/1280356?app_id=epfl
Gallows,http://www.bandsintown.com/Gallows,46.6833333,Interlaken,2009-06-12T16:30:00,05,433684,http://www.bandsintown.com/venue/433684,1280356,Greenfield Festival,7.85,http://www.bandsintown.com/event/1280356?app_id=epfl
Greenfield Festival,http://www.bandsintown.com/GreenfieldFestival,46.6833333,Interlaken,2009-06-12T16:30:00,05,433684,http://www.bandsintown.com/venue/433684,1280356,Greenfield Festival,7.85,http://www.bandsintown.com/event/1280356?app_id=epfl
The Eagles,http://www.bandsintown.com/TheEagles,47.410675,Zurich,2009-06-12T18:00:00,25,170002,http://www.bandsintown.com/venue/170002,1230393,Hallenstadion,8.552307,http://www.bandsintown.com/event/1230393?app_id=epfl
Eagles,http://www.bandsintown.com/Eagles,47.410675,Zurich,2009-06-12T18:00:00,25,170002,http://www.bandsintown.com/venue/170002,1230393,Hallenstadion,8.552307,http://www.bandsintown.com/event/1230393?app_id=epfl
Karima Nayt,http://www.bandsintown.com/KarimaNayt,47.4666667,Windisch,2009-06-12T19:00:00,01,1049188,http://www.bandsintown.com/venue/1049188,5441856,Klosterkirche Köningsfelden,8.2333333,http://www.bandsintown.com/event/5441856?app_id=epfl
"""Greenfield Festival""",http://www.bandsintown.com/%22greenfieldFestival%22,46.6833333,Interlaken,2009-06-12T19:00:00,05,169965,http://www.bandsintown.com/venue/169965,1508253,Interlaken Airfield,7.85,http://www.bandsintown.com/event/1508253?app_id=epfl
DJ Scene,http://www.bandsintown.com/DjScene,47.388726,Zurich,2009-06-12T23:00:00,Switzerland,328973,http://www.bandsintown.com/venue/328973,2696144,Club Indochine,8.525219,http://www.bandsintown.com/event/2696144?app_id=epfl
Claude VonStroke,http://www.bandsintown.com/ClaudeVonstroke,47.3666667,Zurich,2009-06-12T23:00:00,25,297164,http://www.bandsintown.com/venue/297164,1937388,Hive,8.55,http://www.bandsintown.com/event/1937388?app_id=epfl
Katy Perry,http://www.bandsintown.com/KatyPerry,46.362072,Crans-Pres-Celigny,2009-06-13T17:00:00,,169981,http://www.bandsintown.com/venue/169981,2438238,CARIBANA FESTIVAL,6.214585,http://www.bandsintown.com/event/2438238?app_id=epfl
Caribana Festival,http://www.bandsintown.com/CaribanaFestival,46.362072,Crans-Pres-Celigny,2009-06-13T17:00:00,,169981,http://www.bandsintown.com/venue/169981,2438238,CARIBANA FESTIVAL,6.214585,http://www.bandsintown.com/event/2438238?app_id=epfl
Sébastien Léger,http://www.bandsintown.com/S%C3%A9bastienL%C3%A9ger,46.518799,Lausanne,2009-06-13T20:00:00,Switzerland,330439,http://www.bandsintown.com/venue/330439,2560614,D!club,6.63232,http://www.bandsintown.com/event/2560614?app_id=epfl
Karima Nayt,http://www.bandsintown.com/KarimaNayt,47.4666667,Windisch,2009-06-13T19:00:00,01,1049188,http://www.bandsintown.com/venue/1049188,5441857,Klosterkirche Köningsfelden,8.2333333,http://www.bandsintown.com/event/5441857?app_id=epfl
"""Greenfield Festival""",http://www.bandsintown.com/%22greenfieldFestival%22,46.6833333,Interlaken,2009-06-13T19:00:00,05,169965,http://www.bandsintown.com/venue/169965,1508254,Interlaken Airfield,7.85,http://www.bandsintown.com/event/1508254?app_id=epfl
Ongatu,http://www.bandsintown.com/Ongatu,47.3666667,Zurich,2009-06-13T19:00:00,25,1419058,http://www.bandsintown.com/venue/1419058,5287849,Landenberg-Fest,8.55,http://www.bandsintown.com/event/5287849?app_id=epfl
The Ting Tings,http://www.bandsintown.com/TheTingTings,47.3666667,Zurich,2009-06-13T20:00:00,25,621471,http://www.bandsintown.com/venue/621471,2563247,Greenfields,8.55,http://www.bandsintown.com/event/2563247?app_id=epfl
Starfield,http://www.bandsintown.com/Starfield,47.505211,Biel-Benken,2009-06-13T20:00:00,Switzerland,618498,http://www.bandsintown.com/venue/618498,2557911,Christuskirche Biel,7.52535,http://www.bandsintown.com/event/2557911?app_id=epfl
Morr Music,http://www.bandsintown.com/MorrMusic,47.049545,Lucerne,2009-06-13T20:00:00,Switzerland,556655,http://www.bandsintown.com/venue/556655,2009576,Benni Hemm Hemm,8.304375,http://www.bandsintown.com/event/2009576?app_id=epfl
DJ Scene,http://www.bandsintown.com/DjScene,47.388726,Zurich,2009-06-13T23:00:00,Switzerland,328973,http://www.bandsintown.com/venue/328973,2566309,Club Indochine,8.525219,http://www.bandsintown.com/event/2566309?app_id=epfl
Frantic,http://www.bandsintown.com/Frantic,47.202801,Wildhaus,2009-06-13T20:00:00,Switzerland,618792,http://www.bandsintown.com/venue/618792,2558617,Konzertnacht,9.35099,http://www.bandsintown.com/event/2558617?app_id=epfl
Karima Nayt,http://www.bandsintown.com/KarimaNayt,47.4666667,Windisch,2009-06-14T19:00:00,01,1049188,http://www.bandsintown.com/venue/1049188,5441858,Klosterkirche Köningsfelden,8.2333333,http://www.bandsintown.com/event/5441858?app_id=epfl
Staind,http://www.bandsintown.com/Staind,46.6833333,Interlaken,2009-06-14T19:00:00,05,169965,http://www.bandsintown.com/venue/169965,2738127,Interlaken Airfield,7.85,http://www.bandsintown.com/event/2738127?app_id=epfl
Gogol Bordello,http://www.bandsintown.com/GogolBordello,46.6833333,Interlaken,2009-06-14T19:00:00,05,169965,http://www.bandsintown.com/venue/169965,2738127,Interlaken Airfield,7.85,http://www.bandsintown.com/event/2738127?app_id=epfl
Shane Gibson,http://www.bandsintown.com/ShaneGibson,46.6833333,Interlaken,2009-06-14T20:00:00,05,433684,http://www.bandsintown.com/venue/433684,2766354,Greenfield Festival,7.85,http://www.bandsintown.com/event/2766354?app_id=epfl
Katy Perry,http://www.bandsintown.com/KatyPerry,47.375485,Zurich,2009-06-14T20:00:00,Switzerland,170005,http://www.bandsintown.com/venue/170005,1607543,Volkshaus,8.527116,http://www.bandsintown.com/event/1607543?app_id=epfl
Pet Shop Boys,http://www.bandsintown.com/PetShopBoys,47.38572,ZÜrich,2009-06-15T19:00:00,Etr,170013,http://www.bandsintown.com/venue/170013,2795376,MAAG EVENT HALL,8.516851,http://www.bandsintown.com/event/2795376?app_id=epfl
Resistance,http://www.bandsintown.com/Resistance,46.456022,Biel,2009-06-15T20:00:00,Switzerland,618291,http://www.bandsintown.com/venue/618291,2557479,AJZ GASKESSEL,8.21687,http://www.bandsintown.com/event/2557479?app_id=epfl
All That Remains,http://www.bandsintown.com/AllThatRemains,47.368768,Zurich,2009-06-15T20:00:00,Switzerland,356201,http://www.bandsintown.com/venue/356201,2565849,Alte Börse,8.537917,http://www.bandsintown.com/event/2565849?app_id=epfl
The Blue Fire,http://www.bandsintown.com/TheBlueFire,46.2,Geneva,2009-06-17T22:00:00,07,1450608,http://www.bandsintown.com/venue/1450608,5382242,BYPASS FAMOUS CLUB,6.1666667,http://www.bandsintown.com/event/5382242?app_id=epfl
Dio,http://www.bandsintown.com/Dio,47.375485,Zurich,2009-06-17T20:00:00,Switzerland,170005,http://www.bandsintown.com/venue/170005,1471443,Volkshaus,8.527116,http://www.bandsintown.com/event/1471443?app_id=epfl
Heaven & Hell,http://www.bandsintown.com/HeavenAndHell,47.375485,Zurich,2009-06-17T20:00:00,Switzerland,170005,http://www.bandsintown.com/venue/170005,1471443,Volkshaus,8.527116,http://www.bandsintown.com/event/1471443?app_id=epfl
Black Stone Cherry,http://www.bandsintown.com/BlackStoneCherry,47.4975354,Winterthur,2009-06-18T19:00:00,25,147243,http://www.bandsintown.com/venue/147243,2567248,Salzhaus,8.7222841,http://www.bandsintown.com/event/2567248?app_id=epfl
Sevendust,http://www.bandsintown.com/Sevendust,47.362215,Zurich,2009-06-18T19:00:00,Switzerland,48122,http://www.bandsintown.com/venue/48122,2351478,Abart,8.522239,http://www.bandsintown.com/event/2351478?app_id=epfl
Eagles of Death Metal,http://www.bandsintown.com/EaglesOfDeathMetal,46.948284,Berne,2009-06-19T19:00:00,Canton Of Berne,323396,http://www.bandsintown.com/venue/323396,2540437,Reithalle,7.44825,http://www.bandsintown.com/event/2540437?app_id=epfl
Ongatu,http://www.bandsintown.com/Ongatu,47.3666667,Zurich,2009-06-19T19:00:00,25,1419056,http://www.bandsintown.com/venue/1419056,5287848,Atelier Bar,8.55,http://www.bandsintown.com/event/5287848?app_id=epfl
Anti-Flag,http://www.bandsintown.com/Anti-Flag,47.362215,Zurich,2009-06-19T20:00:00,Switzerland,48122,http://www.bandsintown.com/venue/48122,2872632,Abart,8.522239,http://www.bandsintown.com/event/2872632?app_id=epfl
Inhumate,http://www.bandsintown.com/Inhumate,47.17251,Sursee,2009-06-19T20:00:00,Switzerland,555605,http://www.bandsintown.com/venue/555605,2006851,SURSEE,8.10998,http://www.bandsintown.com/event/2006851?app_id=epfl
Less Than Jake,http://www.bandsintown.com/LessThanJake,47.681568,Neuhausen Am Rheinfall,2009-06-19T20:00:00,Switzerland,524766,http://www.bandsintown.com/venue/524766,2558818,Southside Festival,8.61961,http://www.bandsintown.com/event/2558818?app_id=epfl
Clueso,http://www.bandsintown.com/Clueso,47.681568,Neuhausen Am Rheinfall,2009-06-19T20:00:00,Switzerland,524766,http://www.bandsintown.com/venue/524766,2558818,Southside Festival,8.61961,http://www.bandsintown.com/event/2558818?app_id=epfl
Frantic,http://www.bandsintown.com/Frantic,47.3833333,Aarau,2009-06-19T20:00:00,01,306293,http://www.bandsintown.com/venue/306293,2558618,Kiff,8.05,http://www.bandsintown.com/event/2558618?app_id=epfl
Sevendust,http://www.bandsintown.com/Sevendust,46.617241,Canton Of Graubunden,2009-06-19T19:00:00,Switzerland,665780,http://www.bandsintown.com/venue/665780,2865810,Open Air Val,9.57142,http://www.bandsintown.com/event/2865810?app_id=epfl
"""Schmitten Open Air""",http://www.bandsintown.com/%22schmittenOpenAir%22,46.617241,Canton Of Graubunden,2009-06-19T19:00:00,Switzerland,665780,http://www.bandsintown.com/venue/665780,2865810,Open Air Val,9.57142,http://www.bandsintown.com/event/2865810?app_id=epfl
Tweek,http://www.bandsintown.com/Tweek,46.18505,Carouge,2009-06-20T21:00:00,Etr,169961,http://www.bandsintown.com/venue/169961,8904566,CHAT NOIR,6.14221,http://www.bandsintown.com/event/8904566?app_id=epfl
Time Machine,http://www.bandsintown.com/TimeMachine,46.228088,Sion,2009-06-20T21:00:00,Switzerland,670143,http://www.bandsintown.com/venue/670143,2873008,Cours Roger Bonvin,7.35885,http://www.bandsintown.com/event/2873008?app_id=epfl
Five Finger Death Punch,http://www.bandsintown.com/FiveFingerDeathPunch,47.3833038,Zürich,2009-06-20T19:00:00,,46886,http://www.bandsintown.com/venue/46886,2566118,Dynamo Werk 21,8.5393044,http://www.bandsintown.com/event/2566118?app_id=epfl
Obszön Geschöpf,http://www.bandsintown.com/Obsz%C3%B6nGesch%C3%B6pf,47.049545,Lucerne,2009-06-20T20:00:00,Switzerland,403813,http://www.bandsintown.com/venue/403813,1151343,Switzerland,8.304375,http://www.bandsintown.com/event/1151343?app_id=epfl
Minhyriath,http://www.bandsintown.com/Minhyriath,47.18222,Zug,2009-06-20T20:00:00,ZG,618787,http://www.bandsintown.com/venue/618787,2558611,Industrie 45,8.5207599,http://www.bandsintown.com/event/2558611?app_id=epfl
Chrome,http://www.bandsintown.com/Chrome,47.486877,Obersiggenthal,2009-06-20T20:00:00,Switzerland,507248,http://www.bandsintown.com/venue/507248,1621964,Schuetzenhaus,8.285726,http://www.bandsintown.com/event/1621964?app_id=epfl
Frantic,http://www.bandsintown.com/Frantic,47.202865,Wildhaus,2009-06-20T20:00:00,Switzerland,481698,http://www.bandsintown.com/venue/481698,1476572,Schönenbodensee Openair,9.350921,http://www.bandsintown.com/event/1476572?app_id=epfl
hilaria kramer,http://www.bandsintown.com/HilariaKramer,46.002972,Lugano,2009-06-20T19:00:00,Switzerland,664226,http://www.bandsintown.com/venue/664226,2863055,Lido Riva Caccia Lugano,8.9513,http://www.bandsintown.com/event/2863055?app_id=epfl
Journey,http://www.bandsintown.com/Journey,47.375485,Zurich,2009-06-21T19:00:00,Switzerland,170005,http://www.bandsintown.com/venue/170005,2738235,Volkshaus,8.527116,http://www.bandsintown.com/event/2738235?app_id=epfl
Clueso,http://www.bandsintown.com/Clueso,47.681568,Neuhausen Am Rheinfall,2009-06-21T20:00:00,Switzerland,524766,http://www.bandsintown.com/venue/524766,1764710,Southside Festival,8.61961,http://www.bandsintown.com/event/1764710?app_id=epfl
Metro Station,http://www.bandsintown.com/MetroStation,47.3666667,Zurich,2009-06-22T17:00:00,25,622437,http://www.bandsintown.com/venue/622437,2565638,Club Harterei,8.55,http://www.bandsintown.com/event/2565638?app_id=epfl
M��tley Cr��e,http://www.bandsintown.com/M%EF%BF%BD%EF%BF%BDtleyCr%EF%BF%BD%EF%BF%BDe,47.454824,Wettingen,2009-06-22T19:00:00,Switzerland,459824,http://www.bandsintown.com/venue/459824,2468537,Sportzentrum,8.337897,http://www.bandsintown.com/event/2468537?app_id=epfl
Static-X,http://www.bandsintown.com/Static-X,47.362215,Zurich,2009-06-22T20:00:00,Switzerland,48122,http://www.bandsintown.com/venue/48122,2279566,Abart,8.522239,http://www.bandsintown.com/event/2279566?app_id=epfl
Trivium,http://www.bandsintown.com/Trivium,47.37706,Zurich,2009-06-22T20:00:00,Switzerland,306307,http://www.bandsintown.com/venue/306307,2872507,SoundDock 14,8.53955,http://www.bandsintown.com/event/2872507?app_id=epfl
Maroon,http://www.bandsintown.com/Maroon,46.8467445,Chur,2009-06-22T20:00:00,GR,619040,http://www.bandsintown.com/venue/619040,2559043,Stadthalle,9.5256138,http://www.bandsintown.com/event/2559043?app_id=epfl
Avenged Sevenfold,http://www.bandsintown.com/AvengedSevenfold,46.522385,Lausanne,2009-06-23T19:00:00,Switzerland,289098,http://www.bandsintown.com/venue/289098,2047854,Le Docks,6.61819,http://www.bandsintown.com/event/2047854?app_id=epfl
Buckcherry,http://www.bandsintown.com/Buckcherry,46.522385,Lausanne,2009-06-23T19:00:00,Switzerland,289098,http://www.bandsintown.com/venue/289098,2047854,Le Docks,6.61819,http://www.bandsintown.com/event/2047854?app_id=epfl
Papa Roach,http://www.bandsintown.com/PapaRoach,46.522385,Lausanne,2009-06-23T19:00:00,Switzerland,289098,http://www.bandsintown.com/venue/289098,2047854,Le Docks,6.61819,http://www.bandsintown.com/event/2047854?app_id=epfl
Marilyn Manson,http://www.bandsintown.com/MarilynManson,46.2346763,Le Grand-Saconnex,2009-06-23T19:30:00,07,343144,http://www.bandsintown.com/venue/343144,2321172,Geneve Arena,6.113795,http://www.bandsintown.com/event/2321172?app_id=epfl
Despised Icon,http://www.bandsintown.com/DespisedIcon,47.302299,Roches,2009-06-23T18:00:00,Switzerland,677041,http://www.bandsintown.com/venue/677041,2885821,Dynamo,7.37737,http://www.bandsintown.com/event/2885821?app_id=epfl
God Forbid,http://www.bandsintown.com/GodForbid,47.0445786,Lucerne,2009-06-23T19:00:00,LU,86008,http://www.bandsintown.com/venue/86008,2763230,Konzerthaus Schuur,8.3112497,http://www.bandsintown.com/event/2763230?app_id=epfl
DevilDriver,http://www.bandsintown.com/DevilDriver,47.0445786,Lucerne,2009-06-23T19:00:00,LU,86008,http://www.bandsintown.com/venue/86008,2763230,Konzerthaus Schuur,8.3112497,http://www.bandsintown.com/event/2763230?app_id=epfl
Whitechapel,http://www.bandsintown.com/Whitechapel,47.3833038,Zürich,2009-06-23T20:00:00,,46886,http://www.bandsintown.com/venue/46886,2352163,Dynamo Werk 21,8.5393044,http://www.bandsintown.com/event/2352163?app_id=epfl
The Mars Volta,http://www.bandsintown.com/TheMarsVolta,47.375485,Zurich,2009-06-23T20:00:00,Switzerland,170005,http://www.bandsintown.com/venue/170005,2203273,Volkshaus,8.527116,http://www.bandsintown.com/event/2203273?app_id=epfl
Queensrÿche,http://www.bandsintown.com/Queensr%C3%BFche,47.5166667,Pratteln,2009-06-24T20:00:00,01,43060,http://www.bandsintown.com/venue/43060,2206018,Z7,7.6833333,http://www.bandsintown.com/event/2206018?app_id=epfl
Bloodhound Gang,http://www.bandsintown.com/BloodhoundGang,47.3666667,Zurich,2009-06-25T20:00:00,25,328406,http://www.bandsintown.com/venue/328406,2203332,Rohstofflager,8.55,http://www.bandsintown.com/event/2203332?app_id=epfl
MONTREAL,http://www.bandsintown.com/MONTREAL,47.3666667,Zurich,2009-06-25T20:00:00,25,328406,http://www.bandsintown.com/venue/328406,2203332,Rohstofflager,8.55,http://www.bandsintown.com/event/2203332?app_id=epfl
Anja Schneider,http://www.bandsintown.com/AnjaSchneider,46.2143097,Vernier,2009-06-26T20:00:00,GE,335681,http://www.bandsintown.com/venue/335681,2558970,Weetamix,6.1051998,http://www.bandsintown.com/event/2558970?app_id=epfl
Buju Banton,http://www.bandsintown.com/BujuBanton,47.375485,Zurich,2009-06-26T23:00:00,Switzerland,170005,http://www.bandsintown.com/venue/170005,2885540,Volkshaus,8.527116,http://www.bandsintown.com/event/2885540?app_id=epfl
Yeah Yeah Yeahs,http://www.bandsintown.com/YeahYeahYeahs,47.426392,St. Gallen,2009-06-26T19:00:00,Switzerland,306326,http://www.bandsintown.com/venue/306326,2503382,Festival Grounds,9.37371,http://www.bandsintown.com/event/2503382?app_id=epfl
The Flaming Lips,http://www.bandsintown.com/TheFlamingLips,47.426392,St. Gallen,2009-06-26T19:00:00,Switzerland,306326,http://www.bandsintown.com/venue/306326,2503382,Festival Grounds,9.37371,http://www.bandsintown.com/event/2503382?app_id=epfl
Cypress Hill,http://www.bandsintown.com/CypressHill,47.426392,St. Gallen,2009-06-26T20:00:00,Switzerland,620081,http://www.bandsintown.com/venue/620081,2043604,Open Air Festival,9.37371,http://www.bandsintown.com/event/2043604?app_id=epfl
Birdy Nam Nam,http://www.bandsintown.com/BirdyNamNam,47.426392,St. Gallen,2009-06-26T20:00:00,Switzerland,620081,http://www.bandsintown.com/venue/620081,2043604,Open Air Festival,9.37371,http://www.bandsintown.com/event/2043604?app_id=epfl
Peter Fox,http://www.bandsintown.com/PeterFox,47.426392,St. Gallen,2009-06-26T20:00:00,Switzerland,620081,http://www.bandsintown.com/venue/620081,2043604,Open Air Festival,9.37371,http://www.bandsintown.com/event/2043604?app_id=epfl
Open Air St. Gallen Festival,http://www.bandsintown.com/OpenAirSt.GallenFestival,47.426392,St. Gallen,2009-06-26T20:00:00,Switzerland,620081,http://www.bandsintown.com/venue/620081,2043604,Open Air Festival,9.37371,http://www.bandsintown.com/event/2043604?app_id=epfl
Cold War Kids,http://www.bandsintown.com/ColdWarKids,47.426392,St. Gallen,2009-06-26T20:00:00,Switzerland,620081,http://www.bandsintown.com/venue/620081,2043604,Open Air Festival,9.37371,http://www.bandsintown.com/event/2043604?app_id=epfl
The Gaslight Anthem,http://www.bandsintown.com/TheGaslightAnthem,47.426392,St. Gallen,2009-06-26T20:00:00,Switzerland,620081,http://www.bandsintown.com/venue/620081,2043604,Open Air Festival,9.37371,http://www.bandsintown.com/event/2043604?app_id=epfl
Joe Jackson,http://www.bandsintown.com/JoeJackson,46.522385,Lausanne,2009-06-27T19:00:00,Switzerland,289098,http://www.bandsintown.com/venue/289098,2548676,Le Docks,6.61819,http://www.bandsintown.com/event/2548676?app_id=epfl
M.A.N.,http://www.bandsintown.com/M.A.N.,47.1341286,Biel/Bienne,2009-06-27T20:00:00,BE,621365,http://www.bandsintown.com/venue/621365,2562990,Barbarie,7.2456698,http://www.bandsintown.com/event/2562990?app_id=epfl
Lonestar,http://www.bandsintown.com/Lonestar,46.6833333,Interlaken,2009-06-27T19:00:00,05,313875,http://www.bandsintown.com/venue/313875,1763663,Trucker & Country Festival Grounds,7.85,http://www.bandsintown.com/event/1763663?app_id=epfl
Polarkreis 18,http://www.bandsintown.com/Polarkreis18,47.477866,Gallenkirch,2009-06-27T20:00:00,Switzerland,619025,http://www.bandsintown.com/venue/619025,2559015,open air,8.12975,http://www.bandsintown.com/event/2559015?app_id=epfl
Jan Delay,http://www.bandsintown.com/JanDelay,47.477866,Gallenkirch,2009-06-27T20:00:00,Switzerland,619025,http://www.bandsintown.com/venue/619025,2559015,open air,8.12975,http://www.bandsintown.com/event/2559015?app_id=epfl
Flight195,http://www.bandsintown.com/Flight195,46.456022,Biel,2009-06-27T20:00:00,Switzerland,360993,http://www.bandsintown.com/venue/360993,928116,Barbarie Festival,8.21687,http://www.bandsintown.com/event/928116?app_id=epfl
Die Fantastischen Vier,http://www.bandsintown.com/DieFantastischenVier,47.3853683,Zurich,2009-06-27T20:00:00,ZH,547907,http://www.bandsintown.com/venue/547907,2559660,Hive Club,8.5204697,http://www.bandsintown.com/event/2559660?app_id=epfl
Zé,http://www.bandsintown.com/Z%C3%A9,47.3666667,Zurich,2009-06-27T20:00:00,25,622259,http://www.bandsintown.com/venue/622259,2565098,Ghetto Noize,8.55,http://www.bandsintown.com/event/2565098?app_id=epfl
POW-LOW,http://www.bandsintown.com/POW-LOW,47.559662,Basel City,2009-06-27T23:00:00,Switzerland,618796,http://www.bandsintown.com/venue/618796,2558624,Funambolo BASEL,7.58053,http://www.bandsintown.com/event/2558624?app_id=epfl
Open Air St. Gallen Festival,http://www.bandsintown.com/OpenAirSt.GallenFestival,47.426392,St. Gallen,2009-06-27T16:30:16,Switzerland,620081,http://www.bandsintown.com/venue/620081,2043610,Open Air Festival,9.37371,http://www.bandsintown.com/event/2043610?app_id=epfl
Nine Inch Nails,http://www.bandsintown.com/NineInchNails,47.426392,St. Gallen,2009-06-27T19:00:00,Switzerland,306326,http://www.bandsintown.com/venue/306326,1961449,Festival Grounds,9.37371,http://www.bandsintown.com/event/1961449?app_id=epfl
Jane's Addiction,http://www.bandsintown.com/Jane%27sAddiction,47.426392,St. Gallen,2009-06-27T19:00:00,Switzerland,306326,http://www.bandsintown.com/venue/306326,1961449,Festival Grounds,9.37371,http://www.bandsintown.com/event/1961449?app_id=epfl
Big Zis,http://www.bandsintown.com/BigZis,47.426392,St. Gallen,2009-06-27T19:00:00,Switzerland,306326,http://www.bandsintown.com/venue/306326,1961449,Festival Grounds,9.37371,http://www.bandsintown.com/event/1961449?app_id=epfl
Dúné,http://www.bandsintown.com/D%C3%BAn%C3%A9,47.426563,St. Gallen,2009-06-27T20:00:00,Switzerland,169988,http://www.bandsintown.com/venue/169988,2560199,Palace,9.373224,http://www.bandsintown.com/event/2560199?app_id=epfl
Langhorne Slim,http://www.bandsintown.com/LanghorneSlim,46.06803,Capriasca,2009-06-27T22:00:00,TI,666876,http://www.bandsintown.com/venue/666876,2867253,Piazza Manzoni,8.96635,http://www.bandsintown.com/event/2867253?app_id=epfl
"""Parkpop Festival""",http://www.bandsintown.com/%22parkpopFestival%22,47.0833333,Lucerne,2009-06-28T19:00:00,11,489176,http://www.bandsintown.com/venue/489176,1514846,Zuiderpark,8.2666667,http://www.bandsintown.com/event/1514846?app_id=epfl
Incognito,http://www.bandsintown.com/Incognito,47.213335,Hurden,2009-06-28T23:00:00,Switzerland,648729,http://www.bandsintown.com/venue/648729,2764752,Fischmarktplatz,8.799535,http://www.bandsintown.com/event/2764752?app_id=epfl
Editors,http://www.bandsintown.com/Editors,47.426392,St. Gallen,2009-06-28T13:00:00,Switzerland,620081,http://www.bandsintown.com/venue/620081,2043619,Open Air Festival,9.37371,http://www.bandsintown.com/event/2043619?app_id=epfl
Mando Diao,http://www.bandsintown.com/MandoDiao,47.426392,St. Gallen,2009-06-28T13:00:00,Switzerland,620081,http://www.bandsintown.com/venue/620081,2043619,Open Air Festival,9.37371,http://www.bandsintown.com/event/2043619?app_id=epfl
Open Air St. Gallen Festival,http://www.bandsintown.com/OpenAirSt.GallenFestival,47.426392,St. Gallen,2009-06-28T13:00:00,Switzerland,620081,http://www.bandsintown.com/venue/620081,2043619,Open Air Festival,9.37371,http://www.bandsintown.com/event/2043619?app_id=epfl
The Sounds,http://www.bandsintown.com/TheSounds,47.426392,St. Gallen,2009-06-28T13:00:00,Switzerland,620081,http://www.bandsintown.com/venue/620081,2043619,Open Air Festival,9.37371,http://www.bandsintown.com/event/2043619?app_id=epfl
The Aggrolites,http://www.bandsintown.com/TheAggrolites,47.426392,St. Gallen,2009-06-28T19:00:00,Switzerland,306326,http://www.bandsintown.com/venue/306326,2485178,Festival Grounds,9.37371,http://www.bandsintown.com/event/2485178?app_id=epfl
Bruce Springsteen,http://www.bandsintown.com/BruceSpringsteen,46.962251,Berne,2009-06-30T19:00:00,Switzerland,169948,http://www.bandsintown.com/venue/169948,1774458,STADE DE SUISSE,7.464985,http://www.bandsintown.com/event/1774458?app_id=epfl
The E Street Band,http://www.bandsintown.com/TheEStreetBand,46.962251,Berne,2009-06-30T19:00:00,Switzerland,169948,http://www.bandsintown.com/venue/169948,1774458,STADE DE SUISSE,7.464985,http://www.bandsintown.com/event/1774458?app_id=epfl
Bouncing Souls,http://www.bandsintown.com/BouncingSouls,47.362215,Zurich,2009-06-30T20:00:00,Switzerland,48122,http://www.bandsintown.com/venue/48122,2280728,Abart,8.522239,http://www.bandsintown.com/event/2280728?app_id=epfl
W.A.S.P.,http://www.bandsintown.com/W.A.S.P.,47.0445786,Lucerne,2009-07-01T20:00:00,LU,86008,http://www.bandsintown.com/venue/86008,2889049,Konzerthaus Schuur,8.3112497,http://www.bandsintown.com/event/2889049?app_id=epfl
